DATETIME,price
2010-03-01 15:00:00,8215.0
2010-03-02 15:00:00,8261.0
2010-03-03 15:00:00,8281.0
2010-03-04 15:00:00,8189.0
2010-03-05 15:00:00,8239.0
2010-03-08 15:00:00,8247.0
2010-03-09 15:00:00,8299.0
2010-03-10 15:00:00,8283.0
2010-03-11 15:00:00,8241.0
2010-03-12 15:00:00,8183.0
2010-03-15 15:00:00,8111.0
2010-03-16 15:00:00,8115.0
2010-03-17 15:00:00,8161.0
2010-03-18 15:00:00,8111.0
2010-03-19 15:00:00,8193.0
2010-03-22 15:00:00,8279.0
2010-03-23 15:00:00,8305.0
2010-03-24 15:00:00,8307.0
2010-03-25 15:00:00,8317.0
2010-03-26 15:00:00,8275.0
2010-03-29 15:00:00,8283.0
2010-03-30 15:00:00,8301.0
2010-03-31 15:00:00,8283.0
2010-04-01 15:00:00,8265.0
2010-04-02 15:00:00,8307.0
2010-04-06 15:00:00,8299.0
2010-04-07 15:00:00,8373.0
2010-04-08 15:00:00,8331.0
2010-04-09 15:00:00,8363.0
2010-04-12 15:00:00,8375.0
2010-04-13 15:00:00,8361.0
2010-04-14 15:00:00,8373.0
2010-04-15 15:00:00,8347.0
2010-04-16 15:00:00,8351.0
2010-04-19 15:00:00,8287.0
2010-04-20 15:00:00,8321.0
2010-04-21 15:00:00,8337.0
2010-04-22 15:00:00,8327.0
2010-04-23 15:00:00,8363.0
2010-04-26 15:00:00,8361.0
2010-04-27 15:00:00,8345.0
2010-04-28 15:00:00,8271.0
2010-04-29 15:00:00,8267.0
2010-04-30 15:00:00,8297.0
2010-05-04 15:00:00,8277.0
2010-05-05 15:00:00,8293.0
2010-05-06 15:00:00,8237.0
2010-05-07 15:00:00,8157.0
2010-05-10 15:00:00,8241.0
2010-05-11 15:00:00,8211.0
2010-05-12 15:00:00,8227.0
2010-05-13 15:00:00,8205.0
2010-05-14 15:00:00,8167.0
2010-05-17 15:00:00,8119.0
2010-05-18 15:00:00,8169.0
2010-05-19 15:00:00,8125.0
2010-05-20 15:00:00,8163.0
2010-05-21 15:00:00,8161.0
2010-05-24 15:00:00,8171.0
2010-05-25 15:00:00,8101.0
2010-05-26 15:00:00,8129.0
2010-05-27 15:00:00,8145.0
2010-05-28 15:00:00,8131.0
2010-05-31 15:00:00,8093.0
2010-06-01 15:00:00,8127.0
2010-06-02 15:00:00,8209.0
2010-06-03 15:00:00,8173.0
2010-06-04 15:00:00,8195.0
2010-06-07 15:00:00,8045.0
2010-06-08 15:00:00,8089.0
2010-06-09 15:00:00,8099.0
2010-06-10 15:00:00,8079.0
2010-06-11 15:00:00,8085.0
2010-06-17 15:00:00,8185.0
2010-06-18 15:00:00,8209.0
2010-06-21 15:00:00,8279.0
2010-06-22 15:00:00,8269.0
2010-06-23 15:00:00,8267.0
2010-06-24 15:00:00,8251.0
2010-06-25 15:00:00,8233.0
2010-06-28 15:00:00,8215.0
2010-06-29 15:00:00,8155.0
2010-06-30 15:00:00,8127.0
2010-07-01 15:00:00,8115.0
2010-07-02 15:00:00,8149.0
2010-07-05 15:00:00,8141.0
2010-07-06 15:00:00,8165.0
2010-07-07 15:00:00,8163.0
2010-07-08 15:00:00,8181.0
2010-07-09 15:00:00,8237.0
2010-07-12 15:00:00,8205.0
2010-07-13 15:00:00,8197.0
2010-07-14 15:00:00,8291.0
2010-07-15 15:00:00,8307.0
2010-07-16 15:00:00,8363.0
2010-07-19 15:00:00,8345.0
2010-07-20 15:00:00,8345.0
2010-07-21 15:00:00,8341.0
2010-07-22 15:00:00,8349.0
2010-07-23 15:00:00,8329.0
2010-07-26 15:00:00,8353.0
2010-07-27 15:00:00,8273.0
2010-07-28 15:00:00,8315.0
2010-07-29 15:00:00,8341.0
2010-07-30 15:00:00,8361.0
2010-08-02 15:00:00,8439.0
2010-08-03 15:00:00,8523.0
2010-08-04 15:00:00,8547.0
2010-08-05 15:00:00,8491.0
2010-08-06 15:00:00,8751.0
2010-08-09 15:00:00,8835.0
2010-08-10 15:00:00,8739.0
2010-08-11 15:00:00,8721.0
2010-08-12 15:00:00,8709.0
2010-08-13 15:00:00,8829.0
2010-08-16 15:00:00,8831.0
2010-08-17 15:00:00,8797.0
2010-08-18 15:00:00,8665.0
2010-08-19 15:00:00,8659.0
2010-08-20 15:00:00,8531.0
2010-08-23 15:00:00,8537.0
2010-08-24 15:00:00,8513.0
2010-08-25 15:00:00,8497.0
2010-08-26 15:00:00,8583.0
2010-08-27 15:00:00,8605.0
2010-08-30 15:00:00,8649.0
2010-08-31 15:00:00,8531.0
2010-09-01 15:00:00,8529.0
2010-09-02 15:00:00,8563.0
2010-09-03 15:00:00,8609.0
2010-09-06 15:00:00,8641.0
2010-09-07 15:00:00,8661.0
2010-09-08 15:00:00,8643.0
2010-09-09 15:00:00,8519.0
2010-09-10 15:00:00,8549.0
2010-09-13 15:00:00,8551.0
2010-09-14 15:00:00,8535.0
2010-09-15 15:00:00,8545.0
2010-09-16 15:00:00,8535.0
2010-09-17 15:00:00,8543.0
2010-09-20 15:00:00,8693.0
2010-09-21 15:00:00,8641.0
2010-09-27 15:00:00,8785.0
2010-09-28 15:00:00,8819.0
2010-09-29 15:00:00,8675.0
2010-09-30 15:00:00,8701.0
2010-10-08 15:00:00,8683.0
2010-10-11 15:00:00,9167.0
2010-10-12 15:00:00,9003.0
2010-10-13 15:00:00,9049.0
2010-10-14 15:00:00,9103.0
2010-10-15 15:00:00,9187.0
2010-10-18 15:00:00,9061.0
2010-10-19 15:00:00,9179.0
2010-10-20 15:00:00,9273.0
2010-10-21 15:00:00,9441.0
2010-10-22 15:00:00,9475.0
2010-10-25 15:00:00,9787.0
2010-10-26 15:00:00,9703.0
2010-10-27 15:00:00,9437.0
2010-10-28 15:00:00,9547.0
2010-10-29 15:00:00,9307.0
2010-11-01 15:00:00,9485.0
2010-11-02 15:00:00,9493.0
2010-11-03 15:00:00,9471.0
2010-11-04 15:00:00,9733.0
2010-11-05 15:00:00,10151.0
2010-11-08 15:00:00,10173.0
2010-11-09 15:00:00,10273.0
2010-11-10 15:00:00,10325.0
2010-11-11 15:00:00,10307.0
2010-11-12 15:00:00,9807.0
2010-11-15 15:00:00,9837.0
2010-11-16 15:00:00,9687.0
2010-11-17 15:00:00,9317.0
2010-11-18 15:00:00,9347.0
2010-11-19 15:00:00,9433.0
2010-11-22 15:00:00,9235.0
2010-11-23 15:00:00,9129.0
2010-11-24 15:00:00,9315.0
2010-11-25 15:00:00,9351.0
2010-11-26 15:00:00,9259.0
2010-11-29 15:00:00,9351.0
2010-11-30 15:00:00,9379.0
2010-12-01 15:00:00,9455.0
2010-12-02 15:00:00,9543.0
2010-12-03 15:00:00,9561.0
2010-12-06 15:00:00,9669.0
2010-12-07 15:00:00,9737.0
2010-12-08 15:00:00,9487.0
2010-12-09 15:00:00,9565.0
2010-12-10 15:00:00,9575.0
2010-12-13 15:00:00,9701.0
2010-12-14 15:00:00,9811.0
2010-12-15 15:00:00,9875.0
2010-12-16 15:00:00,9859.0
2010-12-17 15:00:00,9893.0
2010-12-20 15:00:00,9883.0
2010-12-21 15:00:00,9987.0
2010-12-22 15:00:00,9945.0
2010-12-23 15:00:00,10151.0
2010-12-24 15:00:00,10123.0
2010-12-27 15:00:00,10153.0
2010-12-28 15:00:00,10257.0
2010-12-29 15:00:00,10089.0
2010-12-30 15:00:00,10151.0
2010-12-31 15:00:00,10163.0
2011-01-04 15:00:00,10271.0
2011-01-05 15:00:00,10169.0
2011-01-06 15:00:00,10421.0
2011-01-07 15:00:00,10157.0
2011-01-10 15:00:00,10099.0
2011-01-11 15:00:00,10187.0
2011-01-12 15:00:00,10093.0
2011-01-13 15:00:00,10199.0
2011-01-14 15:00:00,10201.0
2011-01-17 15:00:00,10117.0
2011-01-18 15:00:00,10081.0
2011-01-19 15:00:00,10219.0
2011-01-20 15:00:00,10147.0
2011-01-21 15:00:00,10141.0
2011-01-24 15:00:00,10237.0
2011-01-25 15:00:00,10101.0
2011-01-26 15:00:00,9855.0
2011-01-27 15:00:00,9975.0
2011-01-28 15:00:00,9931.0
2011-01-31 15:00:00,10095.0
2011-02-01 15:00:00,10127.0
2011-02-09 15:00:00,10287.0
2011-02-10 15:00:00,10385.0
2011-02-11 15:00:00,10369.0
2011-02-14 15:00:00,10395.0
2011-02-15 15:00:00,10273.0
2011-02-16 15:00:00,10049.0
2011-02-17 15:00:00,9917.0
2011-02-18 15:00:00,9871.0
2011-02-21 15:00:00,9875.0
2011-02-22 15:00:00,9983.0
2011-02-23 15:00:00,9543.0
2011-02-24 15:00:00,9395.0
2011-02-25 15:00:00,9575.0
2011-02-28 15:00:00,9717.0
2011-03-01 15:00:00,9715.0
2011-03-02 15:00:00,9863.0
2011-03-03 15:00:00,9805.0
2011-03-04 15:00:00,9895.0
2011-03-07 15:00:00,9925.0
2011-03-08 15:00:00,9705.0
2011-03-09 15:00:00,9659.0
2011-03-10 15:00:00,9537.0
2011-03-11 15:00:00,9505.0
2011-03-14 15:00:00,9373.0
2011-03-15 15:00:00,9427.0
2011-03-16 15:00:00,9305.0
2011-03-17 15:00:00,9407.0
2011-03-18 15:00:00,9531.0
2011-03-21 15:00:00,9625.0
2011-03-22 15:00:00,9549.0
2011-03-23 15:00:00,9685.0
2011-03-24 15:00:00,9519.0
2011-03-25 15:00:00,9629.0
2011-03-28 15:00:00,9639.0
2011-03-29 15:00:00,9609.0
2011-03-30 15:00:00,9751.0
2011-03-31 15:00:00,9781.0
2011-04-01 15:00:00,9849.0
2011-04-06 15:00:00,10003.0
2011-04-07 15:00:00,9953.0
2011-04-08 15:00:00,10013.0
2011-04-11 15:00:00,10043.0
2011-04-12 15:00:00,9849.0
2011-04-13 15:00:00,9785.0
2011-04-14 15:00:00,9655.0
2011-04-15 15:00:00,9595.0
2011-04-18 15:00:00,9625.0
2011-04-19 15:00:00,9573.0
2011-04-20 15:00:00,9749.0
2011-04-21 15:00:00,9711.0
2011-04-22 15:00:00,9789.0
2011-04-25 15:00:00,9743.0
2011-04-26 15:00:00,9547.0
2011-04-27 15:00:00,9537.0
2011-04-28 15:00:00,9629.0
2011-04-29 15:00:00,9421.0
2011-05-03 15:00:00,9511.0
2011-05-04 15:00:00,9421.0
2011-05-05 15:00:00,9395.0
2011-05-06 15:00:00,9189.0
2011-05-09 15:00:00,9231.0
2011-05-10 15:00:00,9323.0
2011-05-11 15:00:00,9323.0
2011-05-12 15:00:00,9221.0
2011-05-13 15:00:00,9375.0
2011-05-16 15:00:00,9315.0
2011-05-17 15:00:00,9323.0
2011-05-18 15:00:00,9441.0
2011-05-19 15:00:00,9471.0
2011-05-20 15:00:00,9557.0
2011-05-23 15:00:00,9503.0
2011-05-24 15:00:00,9601.0
2011-05-25 15:00:00,9551.0
2011-05-26 15:00:00,9647.0
2011-05-27 15:00:00,9627.0
2011-05-30 15:00:00,9647.0
2011-05-31 15:00:00,9641.0
2011-06-01 15:00:00,9597.0
2011-06-02 15:00:00,9627.0
2011-06-03 15:00:00,9789.0
2011-06-07 15:00:00,9689.0
2011-06-08 15:00:00,9633.0
2011-06-09 15:00:00,9645.0
2011-06-10 15:00:00,9585.0
2011-06-13 15:00:00,9567.0
2011-06-14 15:00:00,9589.0
2011-06-15 15:00:00,9601.0
2011-06-16 15:00:00,9485.0
2011-06-17 15:00:00,9461.0
2011-06-20 15:00:00,9471.0
2011-06-21 15:00:00,9547.0
2011-06-22 15:00:00,9505.0
2011-06-23 15:00:00,9459.0
2011-06-24 15:00:00,9441.0
2011-06-27 15:00:00,9289.0
2011-06-28 15:00:00,9285.0
2011-06-29 15:00:00,9335.0
2011-06-30 15:00:00,9389.0
2011-07-01 15:00:00,9319.0
2011-07-04 15:00:00,9427.0
2011-07-05 15:00:00,9405.0
2011-07-06 15:00:00,9411.0
2011-07-07 15:00:00,9447.0
2011-07-08 15:00:00,9533.0
2011-07-11 15:00:00,9555.0
2011-07-12 15:00:00,9479.0
2011-07-13 15:00:00,9599.0
2011-07-14 15:00:00,9643.0
2011-07-15 15:00:00,9599.0
2011-07-18 15:00:00,9547.0
2011-07-19 15:00:00,9567.0
2011-07-20 15:00:00,9609.0
2011-07-21 15:00:00,9611.0
2011-07-22 15:00:00,9599.0
2011-07-25 15:00:00,9481.0
2011-07-26 15:00:00,9539.0
2011-07-27 15:00:00,9595.0
2011-07-28 15:00:00,9529.0
2011-07-29 15:00:00,9511.0
2011-08-01 15:00:00,9595.0
2011-08-02 15:00:00,9577.0
2011-08-03 15:00:00,9599.0
2011-08-04 15:00:00,9527.0
2011-08-05 15:00:00,9341.0
2011-08-08 15:00:00,9327.0
2011-08-09 15:00:00,9171.0
2011-08-10 15:00:00,9251.0
2011-08-11 15:00:00,9259.0
2011-08-12 15:00:00,9265.0
2011-08-15 15:00:00,9361.0
2011-08-16 15:00:00,9343.0
2011-08-17 15:00:00,9393.0
2011-08-18 15:00:00,9391.0
2011-08-19 15:00:00,9367.0
2011-08-22 15:00:00,9357.0
2011-08-23 15:00:00,9431.0
2011-08-24 15:00:00,9411.0
2011-08-25 15:00:00,9397.0
2011-08-26 15:00:00,9399.0
2011-08-29 15:00:00,9545.0
2011-08-30 15:00:00,9557.0
2011-08-31 15:00:00,9613.0
2011-09-01 15:00:00,9567.0
2011-09-02 15:00:00,9561.0
2011-09-05 15:00:00,9531.0
2011-09-06 15:00:00,9465.0
2011-09-07 15:00:00,9565.0
2011-09-08 15:00:00,9533.0
2011-09-09 15:00:00,9549.0
2011-09-13 15:00:00,9439.0
2011-09-14 15:00:00,9351.0
2011-09-15 15:00:00,9365.0
2011-09-16 15:00:00,9349.0
2011-09-19 15:00:00,9283.0
2011-09-20 15:00:00,9347.0
2011-09-21 15:00:00,9329.0
2011-09-22 15:00:00,9209.0
2011-09-23 15:00:00,9049.0
2011-09-26 15:00:00,8635.0
2011-09-27 15:00:00,8913.0
2011-09-28 15:00:00,8849.0
2011-09-29 15:00:00,8647.0
2011-09-30 15:00:00,8863.0
2011-10-10 15:00:00,8657.0
2011-10-11 15:00:00,8671.0
2011-10-12 15:00:00,8797.0
2011-10-13 15:00:00,8831.0
2011-10-14 15:00:00,8895.0
2011-10-17 15:00:00,8915.0
2011-10-18 15:00:00,8743.0
2011-10-19 15:00:00,8785.0
2011-10-20 15:00:00,8611.0
2011-10-21 15:00:00,8707.0
2011-10-24 15:00:00,8789.0
2011-10-25 15:00:00,8833.0
2011-10-26 15:00:00,8801.0
2011-10-27 15:00:00,8897.0
2011-10-28 15:00:00,8855.0
2011-10-31 15:00:00,8729.0
2011-11-01 15:00:00,8699.0
2011-11-02 15:00:00,8765.0
2011-11-03 15:00:00,8669.0
2011-11-04 15:00:00,8773.0
2011-11-07 15:00:00,8699.0
2011-11-08 15:00:00,8679.0
2011-11-09 15:00:00,8711.0
2011-11-10 15:00:00,8635.0
2011-11-11 15:00:00,8729.0
2011-11-14 15:00:00,8795.0
2011-11-15 15:00:00,8803.0
2011-11-16 15:00:00,8745.0
2011-11-17 15:00:00,8847.0
2011-11-18 15:00:00,8751.0
2011-11-21 15:00:00,8699.0
2011-11-22 15:00:00,8573.0
2011-11-23 15:00:00,8485.0
2011-11-24 15:00:00,8311.0
2011-11-25 15:00:00,8229.0
2011-11-28 15:00:00,8269.0
2011-11-29 15:00:00,8293.0
2011-11-30 15:00:00,8287.0
2011-12-01 15:00:00,8409.0
2011-12-02 15:00:00,8381.0
2011-12-05 15:00:00,8439.0
2011-12-06 15:00:00,8395.0
2011-12-07 15:00:00,8405.0
2011-12-08 15:00:00,8345.0
2011-12-09 15:00:00,8345.0
2011-12-12 15:00:00,8273.0
2011-12-13 15:00:00,8279.0
2011-12-14 15:00:00,8245.0
2011-12-15 15:00:00,8227.0
2011-12-16 15:00:00,8293.0
2011-12-19 15:00:00,8327.0
2011-12-20 15:00:00,8301.0
2011-12-21 15:00:00,8335.0
2011-12-22 15:00:00,8345.0
2011-12-23 15:00:00,8427.0
2011-12-26 15:00:00,8397.0
2011-12-27 15:00:00,8343.0
2011-12-28 15:00:00,8411.0
2011-12-29 15:00:00,8419.0
2011-12-30 15:00:00,8439.0
2012-01-04 15:00:00,8513.0
2012-01-05 15:00:00,8507.0
2012-01-06 15:00:00,8515.0
2012-01-09 15:00:00,8479.0
2012-01-10 15:00:00,8497.0
2012-01-11 15:00:00,8515.0
2012-01-12 15:00:00,8499.0
2012-01-13 15:00:00,8417.0
2012-01-16 15:00:00,8329.0
2012-01-17 15:00:00,8365.0
2012-01-18 15:00:00,8335.0
2012-01-19 15:00:00,8401.0
2012-01-20 15:00:00,8425.0
2012-01-30 15:00:00,8411.0
2012-01-31 15:00:00,8381.0
2012-02-01 15:00:00,8403.0
2012-02-02 15:00:00,8439.0
2012-02-03 15:00:00,8455.0
2012-02-06 15:00:00,8545.0
2012-02-07 15:00:00,8509.0
2012-02-08 15:00:00,8591.0
2012-02-09 15:00:00,8567.0
2012-02-10 15:00:00,8519.0
2012-02-13 15:00:00,8609.0
2012-02-14 15:00:00,8577.0
2012-02-15 15:00:00,8577.0
2012-02-16 15:00:00,8503.0
2012-02-17 15:00:00,8573.0
2012-02-20 15:00:00,8597.0
2012-02-21 15:00:00,8659.0
2012-02-22 15:00:00,8671.0
2012-02-23 15:00:00,8675.0
2012-02-24 15:00:00,8671.0
2012-02-27 15:00:00,8703.0
2012-02-28 15:00:00,8747.0
2012-02-29 15:00:00,8757.0
2012-03-01 15:00:00,8697.0
2012-03-02 15:00:00,8731.0
2012-03-05 15:00:00,8717.0
2012-03-06 15:00:00,8675.0
2012-03-07 15:00:00,8647.0
2012-03-08 15:00:00,8689.0
2012-03-09 15:00:00,8847.0
2012-03-12 15:00:00,8823.0
2012-03-13 15:00:00,8897.0
2012-03-14 15:00:00,8907.0
2012-03-15 15:00:00,8935.0
2012-03-16 15:00:00,8941.0
2012-03-19 15:00:00,8999.0
2012-03-20 15:00:00,8905.0
2012-03-21 15:00:00,8891.0
2012-03-22 15:00:00,8893.0
2012-03-23 15:00:00,8995.0
2012-03-26 15:00:00,9083.0
2012-03-27 15:00:00,9083.0
2012-03-28 15:00:00,9117.0
2012-03-29 15:00:00,9091.0
2012-03-30 15:00:00,9009.0
2012-04-05 15:00:00,9283.0
2012-04-06 15:00:00,9363.0
2012-04-09 15:00:00,9353.0
2012-04-10 15:00:00,9419.0
2012-04-11 15:00:00,9297.0
2012-04-12 15:00:00,9369.0
2012-04-13 15:00:00,9407.0
2012-04-16 15:00:00,9345.0
2012-04-17 15:00:00,9409.0
2012-04-18 15:00:00,9371.0
2012-04-19 15:00:00,9373.0
2012-04-20 15:00:00,9371.0
2012-04-23 15:00:00,9441.0
2012-04-24 15:00:00,9399.0
2012-04-25 15:00:00,9445.0
2012-04-26 15:00:00,9523.0
2012-04-27 15:00:00,9539.0
2012-05-02 15:00:00,9499.0
2012-05-03 15:00:00,9369.0
2012-05-04 15:00:00,9419.0
2012-05-07 15:00:00,9377.0
2012-05-08 15:00:00,9427.0
2012-05-09 15:00:00,9441.0
2012-05-10 15:00:00,9499.0
2012-05-16 15:00:00,9097.0
2012-05-17 15:00:00,9189.0
2012-05-18 15:00:00,9061.0
2012-05-21 15:00:00,9181.0
2012-05-22 15:00:00,9175.0
2012-05-23 15:00:00,9027.0
2012-05-24 15:00:00,9055.0
2012-05-25 15:00:00,9037.0
2012-05-28 15:00:00,9095.0
2012-05-29 15:00:00,9065.0
2012-05-30 15:00:00,8979.0
2012-05-31 15:00:00,8887.0
2012-06-01 15:00:00,8883.0
2012-06-04 15:00:00,8725.0
2012-06-05 15:00:00,8835.0
2012-06-06 15:00:00,8947.0
2012-06-07 15:00:00,8995.0
2012-06-08 15:00:00,8931.0
2012-06-11 15:00:00,9035.0
2012-06-12 15:00:00,8989.0
2012-06-13 15:00:00,8987.0
2012-06-14 15:00:00,8833.0
2012-06-15 15:00:00,8879.0
2012-06-18 15:00:00,8937.0
2012-06-19 15:00:00,8987.0
2012-06-20 15:00:00,9149.0
2012-06-21 15:00:00,9087.0
2012-06-25 15:00:00,9165.0
2012-06-26 15:00:00,9145.0
2012-06-27 15:00:00,9143.0
2012-06-28 15:00:00,9131.0
2012-06-29 15:00:00,9181.0
2012-07-02 15:00:00,9245.0
2012-07-03 15:00:00,9339.0
2012-07-04 15:00:00,9351.0
2012-07-05 15:00:00,9379.0
2012-07-06 15:00:00,9353.0
2012-07-09 15:00:00,9433.0
2012-07-10 15:00:00,9345.0
2012-07-11 15:00:00,9271.0
2012-07-12 15:00:00,9175.0
2012-07-13 15:00:00,9239.0
2012-07-16 15:00:00,9465.0
2012-07-17 15:00:00,9387.0
2012-07-18 15:00:00,9321.0
2012-07-19 15:00:00,9429.0
2012-07-20 15:00:00,9431.0
2012-07-23 15:00:00,9297.0
2012-07-24 15:00:00,9105.0
2012-07-25 15:00:00,9067.0
2012-07-26 15:00:00,9089.0
2012-07-27 15:00:00,9165.0
2012-07-30 15:00:00,9253.0
2012-07-31 15:00:00,9231.0
2012-08-01 15:00:00,9241.0
2012-08-02 15:00:00,9217.0
2012-08-03 15:00:00,9203.0
2012-08-06 15:00:00,9207.0
2012-08-07 15:00:00,9275.0
2012-08-08 15:00:00,9205.0
2012-08-09 15:00:00,9341.0
2012-08-10 15:00:00,9313.0
2012-08-13 15:00:00,9325.0
2012-08-14 15:00:00,9305.0
2012-08-15 15:00:00,9327.0
2012-08-16 15:00:00,9305.0
2012-08-17 15:00:00,9311.0
2012-08-20 15:00:00,9323.0
2012-08-21 15:00:00,9393.0
2012-08-22 15:00:00,9499.0
2012-08-23 15:00:00,9513.0
2012-08-24 15:00:00,9593.0
2012-08-27 15:00:00,9653.0
2012-08-28 15:00:00,9533.0
2012-08-29 15:00:00,9511.0
2012-08-30 15:00:00,9589.0
2012-08-31 15:00:00,9497.0
2012-09-03 15:00:00,9657.0
2012-09-04 15:00:00,9645.0
2012-09-05 15:00:00,9589.0
2012-09-06 15:00:00,9485.0
2012-09-07 15:00:00,9343.0
2012-09-10 15:00:00,9389.0
2012-09-11 15:00:00,9287.0
2012-09-12 15:00:00,9339.0
2012-09-13 15:00:00,9333.0
2012-09-14 15:00:00,9399.0
2012-09-17 15:00:00,9169.0
2012-09-18 15:00:00,9061.0
2012-09-19 15:00:00,9189.0
2012-09-20 15:00:00,9197.0
2012-09-21 15:00:00,9219.0
2012-09-24 15:00:00,9083.0
2012-09-25 15:00:00,9117.0
2012-09-26 15:00:00,8977.0
2012-09-27 15:00:00,8937.0
2012-09-28 15:00:00,8929.0
2012-10-08 15:00:00,8931.0
2012-10-09 15:00:00,9049.0
2012-10-10 15:00:00,9057.0
2012-10-11 15:00:00,9039.0
2012-10-12 15:00:00,9027.0
2012-10-15 15:00:00,8963.0
2012-10-16 15:00:00,9021.0
2012-10-17 15:00:00,8985.0
2012-10-18 15:00:00,9015.0
2012-10-19 15:00:00,9001.0
2012-10-22 15:00:00,9005.0
2012-10-23 15:00:00,8961.0
2012-10-24 15:00:00,9023.0
2012-10-25 15:00:00,8971.0
2012-10-26 15:00:00,8941.0
2012-10-29 15:00:00,8915.0
2012-10-30 15:00:00,8885.0
2012-10-31 15:00:00,8871.0
2012-11-01 15:00:00,8925.0
2012-11-02 15:00:00,8819.0
2012-11-05 15:00:00,8765.0
2012-11-06 15:00:00,8777.0
2012-11-07 15:00:00,8777.0
2012-11-08 15:00:00,8767.0
2012-11-09 15:00:00,8723.0
2012-11-12 15:00:00,8487.0
2012-11-13 15:00:00,8587.0
2012-11-14 15:00:00,8713.0
2012-11-15 15:00:00,8741.0
2012-11-16 15:00:00,8679.0
2012-11-19 15:00:00,8769.0
2012-11-20 15:00:00,8761.0
2012-11-21 15:00:00,8793.0
2012-11-22 15:00:00,8791.0
2012-11-23 15:00:00,8847.0
2012-11-26 15:00:00,8889.0
2012-11-27 15:00:00,8877.0
2012-11-28 15:00:00,8893.0
2012-11-29 15:00:00,8891.0
2012-11-30 15:00:00,8917.0
2012-12-03 15:00:00,8987.0
2012-12-04 15:00:00,8999.0
2012-12-05 15:00:00,9083.0
2012-12-06 15:00:00,9079.0
2012-12-07 15:00:00,9091.0
2012-12-10 15:00:00,9111.0
2012-12-11 15:00:00,9071.0
2012-12-12 15:00:00,9003.0
2012-12-13 15:00:00,9027.0
2012-12-14 15:00:00,9103.0
2012-12-17 15:00:00,9127.0
2012-12-18 15:00:00,9081.0
2012-12-19 15:00:00,9021.0
2012-12-20 15:00:00,8967.0
2012-12-21 15:00:00,9009.0
2012-12-24 15:00:00,9041.0
2012-12-25 15:00:00,9049.0
2012-12-26 15:00:00,9073.0
2012-12-27 15:00:00,9121.0
2012-12-28 15:00:00,9017.0
2012-12-31 15:00:00,8977.0
2013-01-04 15:00:00,9075.0
2013-01-07 15:00:00,9013.0
2013-01-08 15:00:00,9009.0
2013-01-09 15:00:00,9079.0
2013-01-10 15:00:00,9187.0
2013-01-11 15:00:00,9147.0
2013-01-14 15:00:00,9217.0
2013-01-15 15:00:00,9227.0
2013-01-16 15:00:00,9221.0
2013-01-17 15:00:00,9185.0
2013-01-18 15:00:00,9211.0
2013-01-21 15:00:00,9237.0
2013-01-22 15:00:00,9249.0
2013-01-23 15:00:00,9247.0
2013-01-24 15:00:00,9103.0
2013-01-25 15:00:00,9135.0
2013-01-28 15:00:00,9155.0
2013-01-29 15:00:00,9155.0
2013-01-30 15:00:00,9181.0
2013-01-31 15:00:00,9215.0
2013-02-01 15:00:00,9197.0
2013-02-04 15:00:00,9201.0
2013-02-05 15:00:00,9127.0
2013-02-06 15:00:00,9123.0
2013-02-07 15:00:00,9121.0
2013-02-08 15:00:00,9113.0
2013-02-18 15:00:00,9103.0
2013-02-19 15:00:00,9129.0
2013-02-20 15:00:00,9075.0
2013-02-21 15:00:00,9051.0
2013-02-22 15:00:00,9073.0
2013-02-25 15:00:00,8945.0
2013-02-26 15:00:00,8867.0
2013-02-27 15:00:00,8909.0
2013-02-28 15:00:00,8889.0
2013-03-01 15:00:00,8891.0
2013-03-04 15:00:00,8911.0
2013-03-05 15:00:00,8937.0
2013-03-06 15:00:00,8955.0
2013-03-07 15:00:00,8933.0
2013-03-08 15:00:00,9117.0
2013-03-11 15:00:00,9067.0
2013-03-12 15:00:00,9061.0
2013-03-13 15:00:00,9067.0
2013-03-14 15:00:00,8963.0
2013-03-15 15:00:00,9043.0
2013-03-18 15:00:00,9019.0
2013-03-19 15:00:00,9137.0
2013-03-20 15:00:00,9151.0
2013-03-21 15:00:00,9173.0
2013-03-22 15:00:00,9183.0
2013-03-25 15:00:00,9213.0
2013-03-26 15:00:00,9209.0
2013-03-27 15:00:00,9235.0
2013-03-28 15:00:00,9183.0
2013-03-29 15:00:00,9153.0
2013-04-01 15:00:00,9085.0
2013-04-02 15:00:00,9073.0
2013-04-03 15:00:00,9055.0
2013-04-08 15:00:00,9043.0
2013-04-09 15:00:00,9075.0
2013-04-10 15:00:00,9099.0
2013-04-11 15:00:00,9057.0
2013-04-12 15:00:00,9035.0
2013-04-15 15:00:00,8959.0
2013-04-16 15:00:00,8905.0
2013-04-17 15:00:00,8971.0
2013-04-18 15:00:00,8945.0
2013-04-19 15:00:00,8969.0
2013-04-22 15:00:00,8957.0
2013-04-23 15:00:00,9115.0
2013-04-24 15:00:00,9155.0
2013-04-25 15:00:00,9271.0
2013-04-26 15:00:00,9275.0
2013-05-02 15:00:00,9199.0
2013-05-03 15:00:00,9251.0
2013-05-06 15:00:00,9325.0
2013-05-07 15:00:00,9259.0
2013-05-08 15:00:00,9329.0
2013-05-09 15:00:00,9311.0
2013-05-10 15:00:00,9337.0
2013-05-13 15:00:00,9309.0
2013-05-14 15:00:00,9319.0
2013-05-15 15:00:00,9281.0
2013-05-16 15:00:00,9327.0
2013-05-17 15:00:00,9349.0
2013-05-20 15:00:00,9341.0
2013-05-21 15:00:00,9351.0
2013-05-22 15:00:00,9367.0
2013-05-23 15:00:00,9337.0
2013-05-24 15:00:00,9355.0
2013-05-27 15:00:00,9345.0
2013-05-28 15:00:00,9335.0
2013-05-29 15:00:00,9345.0
2013-05-30 15:00:00,9295.0
2013-05-31 15:00:00,9289.0
2013-06-03 15:00:00,9061.0
2013-06-04 15:00:00,8801.0
2013-06-05 15:00:00,8487.0
2013-06-06 15:00:00,8465.0
2013-06-07 15:00:00,8563.0
2013-06-13 15:00:00,8541.0
2013-06-14 15:00:00,8535.0
2013-06-17 15:00:00,8527.0
2013-06-18 15:00:00,8543.0
2013-06-19 15:00:00,8549.0
2013-06-20 15:00:00,8533.0
2013-06-21 15:00:00,8467.0
2013-06-24 15:00:00,8335.0
2013-06-25 15:00:00,8367.0
2013-06-26 15:00:00,8305.0
2013-06-27 15:00:00,8063.0
2013-06-28 15:00:00,7957.0
2013-07-01 15:00:00,7969.0
2013-07-02 15:00:00,8133.0
2013-07-03 15:00:00,8117.0
2013-07-04 15:00:00,8115.0
2013-07-05 15:00:00,8087.0
2013-07-08 15:00:00,8081.0
2013-07-09 15:00:00,8077.0
2013-07-10 15:00:00,8069.0
2013-07-11 15:00:00,8097.0
2013-07-12 15:00:00,8029.0
2013-07-15 15:00:00,7975.0
2013-07-16 15:00:00,7917.0
2013-07-17 15:00:00,7895.0
2013-07-18 15:00:00,7923.0
2013-07-19 15:00:00,7793.0
2013-07-22 15:00:00,7791.0
2013-07-23 15:00:00,7835.0
2013-07-24 15:00:00,7777.0
2013-07-25 15:00:00,7645.0
2013-07-26 15:00:00,7371.0
2013-07-29 15:00:00,7393.0
2013-07-30 15:00:00,7399.0
2013-07-31 15:00:00,7435.0
2013-08-01 15:00:00,7393.0
2013-08-02 15:00:00,7429.0
2013-08-05 15:00:00,7415.0
2013-08-06 15:00:00,7405.0
2013-08-07 15:00:00,7187.0
2013-08-08 15:00:00,7241.0
2013-08-09 15:00:00,7333.0
2013-08-12 15:00:00,7419.0
2013-08-13 15:00:00,7593.0
2013-08-14 15:00:00,7489.0
2013-08-15 15:00:00,7563.0
2013-08-16 15:00:00,7619.0
2013-08-19 15:00:00,7647.0
2013-08-20 15:00:00,7559.0
2013-08-21 15:00:00,7541.0
2013-08-22 15:00:00,7467.0
2013-08-23 15:00:00,7429.0
2013-08-26 15:00:00,7737.0
2013-08-27 15:00:00,7681.0
2013-08-28 15:00:00,7607.0
2013-08-29 15:00:00,7521.0
2013-08-30 15:00:00,7499.0
2013-09-02 15:00:00,7579.0
2013-09-03 15:00:00,7585.0
2013-09-04 15:00:00,7527.0
2013-09-05 15:00:00,7495.0
2013-09-06 15:00:00,7557.0
2013-09-09 15:00:00,7545.0
2013-09-10 15:00:00,7443.0
2013-09-11 15:00:00,7491.0
2013-09-12 15:00:00,7463.0
2013-09-13 15:00:00,7437.0
2013-09-16 15:00:00,7347.0
2013-09-17 15:00:00,7383.0
2013-09-18 15:00:00,7367.0
2013-09-23 15:00:00,7307.0
2013-09-24 15:00:00,7353.0
2013-09-25 15:00:00,7237.0
2013-09-26 15:00:00,7199.0
2013-09-27 15:00:00,7089.0
2013-09-30 15:00:00,7101.0
2013-10-08 15:00:00,7089.0
2013-10-09 15:00:00,7143.0
2013-10-10 15:00:00,7189.0
2013-10-11 15:00:00,7175.0
2013-10-14 15:00:00,7195.0
2013-10-15 15:00:00,7251.0
2013-10-16 15:00:00,7275.0
2013-10-17 15:00:00,7337.0
2013-10-18 15:00:00,7357.0
2013-10-21 15:00:00,7409.0
2013-10-22 15:00:00,7293.0
2013-10-23 15:00:00,7317.0
2013-10-24 15:00:00,7325.0
2013-10-25 15:00:00,7297.0
2013-10-28 15:00:00,7259.0
2013-10-29 15:00:00,7179.0
2013-10-30 15:00:00,7337.0
2013-10-31 15:00:00,7333.0
2013-11-01 15:00:00,7467.0
2013-11-04 15:00:00,7527.0
2013-11-05 15:00:00,7477.0
2013-11-06 15:00:00,7403.0
2013-11-07 15:00:00,7381.0
2013-11-08 15:00:00,7379.0
2013-11-11 15:00:00,7343.0
2013-11-12 15:00:00,7469.0
2013-11-13 15:00:00,7479.0
2013-11-14 15:00:00,7559.0
2013-11-15 15:00:00,7545.0
2013-11-18 15:00:00,7429.0
2013-11-19 15:00:00,7395.0
2013-11-20 15:00:00,7477.0
2013-11-21 15:00:00,7515.0
2013-11-22 15:00:00,7513.0
2013-11-25 15:00:00,7505.0
2013-11-26 15:00:00,7441.0
2013-11-27 15:00:00,7503.0
2013-11-28 15:00:00,7491.0
2013-11-29 15:00:00,7527.0
2013-12-02 15:00:00,7541.0
2013-12-03 15:00:00,7481.0
2013-12-04 15:00:00,7479.0
2013-12-05 15:00:00,7429.0
2013-12-06 15:00:00,7443.0
2013-12-09 15:00:00,7443.0
2013-12-10 15:00:00,7457.0
2013-12-11 15:00:00,7483.0
2013-12-12 15:00:00,7421.0
2013-12-13 15:00:00,7259.0
2013-12-16 15:00:00,7199.0
2013-12-17 15:00:00,7223.0
2013-12-18 15:00:00,7227.0
2013-12-19 15:00:00,7179.0
2013-12-20 15:00:00,7179.0
2013-12-23 15:00:00,7183.0
2013-12-24 15:00:00,7127.0
2013-12-25 15:00:00,7043.0
2013-12-26 15:00:00,7021.0
2013-12-27 15:00:00,7063.0
2013-12-30 15:00:00,7047.0
2013-12-31 15:00:00,6955.0
2014-01-02 15:00:00,6989.0
2014-01-03 15:00:00,6909.0
2014-01-06 15:00:00,6801.0
2014-01-07 15:00:00,6731.0
2014-01-08 15:00:00,6759.0
2014-01-09 15:00:00,6787.0
2014-01-10 15:00:00,6787.0
2014-01-13 15:00:00,6759.0
2014-01-14 15:00:00,6809.0
2014-01-15 15:00:00,6793.0
2014-01-16 15:00:00,6801.0
2014-01-17 15:00:00,6811.0
2014-01-20 15:00:00,7007.0
2014-01-21 15:00:00,7001.0
2014-01-22 15:00:00,6969.0
2014-01-23 15:00:00,6989.0
2014-01-24 15:00:00,6977.0
2014-01-27 15:00:00,6917.0
2014-01-28 15:00:00,6809.0
2014-01-29 15:00:00,6837.0
2014-01-30 15:00:00,6785.0
2014-02-07 15:00:00,6991.0
2014-02-10 15:00:00,7069.0
2014-02-11 15:00:00,6967.0
2014-02-12 15:00:00,6987.0
2014-02-13 15:00:00,6993.0
2014-02-14 15:00:00,7055.0
2014-02-17 15:00:00,7087.0
2014-02-18 15:00:00,7061.0
2014-02-19 15:00:00,7157.0
2014-02-20 15:00:00,7147.0
2014-02-21 15:00:00,7123.0
2014-02-24 15:00:00,7149.0
2014-02-25 15:00:00,7111.0
2014-02-26 15:00:00,7109.0
2014-02-27 15:00:00,7145.0
2014-02-28 15:00:00,7113.0
2014-03-03 15:00:00,7187.0
2014-03-04 15:00:00,7187.0
2014-03-05 15:00:00,7329.0
2014-03-06 15:00:00,7355.0
2014-03-07 15:00:00,7449.0
2014-03-10 15:00:00,7399.0
2014-03-11 15:00:00,7471.0
2014-03-12 15:00:00,7429.0
2014-03-13 15:00:00,7477.0
2014-03-14 15:00:00,7349.0
2014-03-17 15:00:00,7233.0
2014-03-18 15:00:00,7113.0
2014-03-19 15:00:00,7093.0
2014-03-20 15:00:00,6973.0
2014-03-21 15:00:00,6985.0
2014-03-24 15:00:00,7011.0
2014-03-25 15:00:00,7023.0
2014-03-26 15:00:00,7065.0
2014-03-27 15:00:00,7077.0
2014-03-28 15:00:00,7079.0
2014-03-31 15:00:00,7079.0
2014-04-01 15:00:00,7101.0
2014-04-02 15:00:00,7227.0
2014-04-03 15:00:00,7167.0
2014-04-04 15:00:00,7227.0
2014-04-08 15:00:00,7201.0
2014-04-09 15:00:00,7219.0
2014-04-10 15:00:00,7219.0
2014-04-11 15:00:00,7173.0
2014-04-14 15:00:00,7177.0
2014-04-15 15:00:00,7155.0
2014-04-16 15:00:00,7233.0
2014-04-17 15:00:00,7255.0
2014-04-18 15:00:00,7219.0
2014-04-21 15:00:00,7181.0
2014-04-22 15:00:00,7223.0
2014-04-23 15:00:00,7189.0
2014-04-24 15:00:00,7203.0
2014-04-25 15:00:00,7237.0
2014-04-28 15:00:00,7345.0
2014-04-29 15:00:00,7433.0
2014-04-30 15:00:00,7439.0
2014-05-05 15:00:00,7389.0
2014-05-06 15:00:00,7379.0
2014-05-07 15:00:00,7399.0
2014-05-08 15:00:00,7383.0
2014-05-09 15:00:00,7387.0
2014-05-12 15:00:00,7305.0
2014-05-13 15:00:00,7327.0
2014-05-14 15:00:00,7317.0
2014-05-15 15:00:00,7317.0
2014-05-16 15:00:00,7307.0
2014-05-19 15:00:00,7307.0
2014-05-20 15:00:00,7263.0
2014-05-21 15:00:00,7185.0
2014-05-22 15:00:00,7259.0
2014-05-23 15:00:00,7317.0
2014-05-26 15:00:00,7279.0
2014-05-27 15:00:00,7293.0
2014-05-28 15:00:00,7299.0
2014-05-29 15:00:00,7271.0
2014-05-30 15:00:00,7249.0
2014-06-03 15:00:00,7179.0
2014-06-04 15:00:00,7093.0
2014-06-05 15:00:00,7075.0
2014-06-06 15:00:00,7029.0
2014-06-09 15:00:00,7035.0
2014-06-10 15:00:00,7041.0
2014-06-11 15:00:00,7017.0
2014-06-12 15:00:00,6983.0
2014-06-13 15:00:00,6989.0
2014-06-16 15:00:00,6991.0
2014-06-17 15:00:00,6947.0
2014-06-18 15:00:00,6975.0
2014-06-19 15:00:00,6975.0
2014-06-20 15:00:00,7025.0
2014-06-23 15:00:00,7135.0
2014-06-24 15:00:00,7151.0
2014-06-25 15:00:00,7151.0
2014-06-26 15:00:00,7163.0
2014-06-27 15:00:00,7113.0
2014-06-30 15:00:00,7067.0
2014-07-01 15:00:00,6903.0
2014-07-02 15:00:00,6921.0
2014-07-03 15:00:00,6913.0
2014-07-04 15:00:00,6889.0
2014-07-07 15:00:00,6827.0
2014-07-08 15:00:00,6809.0
2014-07-09 15:00:00,6727.0
2014-07-10 15:00:00,6703.0
2014-07-11 15:00:00,6643.0
2014-07-14 15:00:00,6589.0
2014-07-15 15:00:00,6599.0
2014-07-16 15:00:00,6627.0
2014-07-17 15:00:00,6623.0
2014-07-18 15:00:00,6605.0
2014-07-21 15:00:00,6553.0
2014-07-22 15:00:00,6525.0
2014-07-23 15:00:00,6503.0
2014-07-24 15:00:00,6527.0
2014-07-25 15:00:00,6519.0
2014-07-28 15:00:00,6535.0
2014-07-29 15:00:00,6587.0
2014-07-30 15:00:00,6557.0
2014-07-31 15:00:00,6575.0
2014-08-01 15:00:00,6539.0
2014-08-04 15:00:00,6525.0
2014-08-05 15:00:00,6523.0
2014-08-06 15:00:00,6503.0
2014-08-07 15:00:00,6533.0
2014-08-08 15:00:00,6525.0
2014-08-11 15:00:00,6517.0
2014-08-12 15:00:00,6451.0
2014-08-13 15:00:00,6429.0
2014-08-14 15:00:00,6215.0
2014-08-15 15:00:00,6169.0
2014-08-18 15:00:00,6117.0
2014-08-19 15:00:00,6125.0
2014-08-20 15:00:00,6095.0
2014-08-21 15:00:00,6153.0
2014-08-22 15:00:00,6161.0
2014-08-25 15:00:00,6131.0
2014-08-26 15:00:00,6117.0
2014-08-27 15:00:00,6213.0
2014-08-28 15:00:00,6195.0
2014-08-29 15:00:00,6183.0
2014-09-01 15:00:00,6135.0
2014-09-02 15:00:00,6193.0
2014-09-03 15:00:00,6173.0
2014-09-04 15:00:00,6137.0
2014-09-05 15:00:00,6145.0
2014-09-09 15:00:00,6065.0
2014-09-10 15:00:00,5989.0
2014-09-11 15:00:00,6005.0
2014-09-12 15:00:00,6085.0
2014-09-15 15:00:00,6169.0
2014-09-16 15:00:00,6207.0
2014-09-17 15:00:00,6231.0
2014-09-18 15:00:00,6237.0
2014-09-19 15:00:00,6157.0
2014-09-22 15:00:00,6017.0
2014-09-23 15:00:00,6037.0
2014-09-24 15:00:00,6073.0
2014-09-25 15:00:00,6165.0
2014-09-26 15:00:00,6053.0
2014-09-29 15:00:00,5961.0
2014-09-30 15:00:00,6011.0
2014-10-08 15:00:00,6023.0
2014-10-09 15:00:00,6081.0
2014-10-10 15:00:00,6015.0
2014-10-13 15:00:00,6017.0
2014-10-14 15:00:00,6095.0
2014-10-15 15:00:00,6033.0
2014-10-16 15:00:00,5967.0
2014-10-17 15:00:00,5963.0
2014-10-20 15:00:00,5867.0
2014-10-21 15:00:00,5873.0
2014-10-22 15:00:00,5903.0
2014-10-23 15:00:00,5953.0
2014-10-24 15:00:00,5955.0
2014-10-27 15:00:00,5889.0
2014-10-28 15:00:00,5907.0
2014-10-29 15:00:00,6017.0
2014-10-30 15:00:00,6129.0
2014-10-31 15:00:00,6189.0
2014-11-03 15:00:00,6175.0
2014-11-04 15:00:00,6081.0
2014-11-05 15:00:00,5943.0
2014-11-06 15:00:00,6031.0
2014-11-07 15:00:00,6083.0
2014-11-10 15:00:00,6153.0
2014-11-11 15:00:00,6125.0
2014-11-12 15:00:00,6241.0
2014-11-13 15:00:00,6179.0
2014-11-14 15:00:00,6201.0
2014-11-17 15:00:00,6187.0
2014-11-18 15:00:00,6131.0
2014-11-19 15:00:00,6131.0
2014-11-20 15:00:00,6089.0
2014-11-21 15:00:00,6117.0
2014-11-24 15:00:00,6133.0
2014-11-25 15:00:00,6183.0
2014-11-26 15:00:00,6163.0
2014-11-27 15:00:00,6179.0
2014-11-28 15:00:00,6103.0
2014-12-01 15:00:00,5853.0
2014-12-02 15:00:00,5963.0
2014-12-03 15:00:00,5965.0
2014-12-04 15:00:00,5971.0
2014-12-05 15:00:00,6027.0
2014-12-08 15:00:00,6051.0
2014-12-09 15:00:00,6013.0
2014-12-10 15:00:00,6053.0
2014-12-11 15:00:00,5957.0
2014-12-12 15:00:00,5941.0
2014-12-15 15:00:00,5983.0
2014-12-16 15:00:00,5925.0
2014-12-17 15:00:00,5933.0
2014-12-18 15:00:00,5925.0
2014-12-19 15:00:00,5875.0
2014-12-22 15:00:00,5937.0
2014-12-23 15:00:00,5957.0
2014-12-24 15:00:00,5937.0
2014-12-25 15:00:00,5931.0
2014-12-26 15:00:00,5939.0
2014-12-29 15:00:00,6101.0
2014-12-30 15:00:00,6111.0
2014-12-31 15:00:00,6131.0
2015-01-05 15:00:00,6061.0
2015-01-06 15:00:00,6121.0
2015-01-07 15:00:00,6099.0
2015-01-08 15:00:00,6173.0
2015-01-09 15:00:00,6163.0
2015-01-12 15:00:00,6167.0
2015-01-13 15:00:00,6069.0
2015-01-14 15:00:00,6045.0
2015-01-15 15:00:00,5999.0
2015-01-16 15:00:00,5989.0
2015-01-19 15:00:00,6001.0
2015-01-20 15:00:00,6027.0
2015-01-21 15:00:00,6029.0
2015-01-22 15:00:00,6017.0
2015-01-23 15:00:00,6007.0
2015-01-26 15:00:00,5981.0
2015-01-27 15:00:00,5979.0
2015-01-28 15:00:00,5995.0
2015-01-29 15:00:00,5923.0
2015-01-30 15:00:00,5815.0
2015-02-02 15:00:00,5815.0
2015-02-03 15:00:00,5819.0
2015-02-04 15:00:00,5833.0
2015-02-05 15:00:00,5815.0
2015-02-06 15:00:00,5847.0
2015-02-09 15:00:00,5833.0
2015-02-10 15:00:00,5847.0
2015-02-11 15:00:00,5843.0
2015-02-12 15:00:00,5833.0
2015-02-13 15:00:00,5899.0
2015-02-16 15:00:00,5885.0
2015-02-17 15:00:00,5885.0
2015-02-25 15:00:00,5853.0
2015-02-26 15:00:00,5889.0
2015-02-27 15:00:00,6019.0
2015-03-02 15:00:00,6109.0
2015-03-03 15:00:00,6035.0
2015-03-04 15:00:00,6043.0
2015-03-05 15:00:00,5933.0
2015-03-06 15:00:00,5895.0
2015-03-09 15:00:00,5909.0
2015-03-10 15:00:00,5893.0
2015-03-11 15:00:00,5953.0
2015-03-12 15:00:00,5931.0
2015-03-13 15:00:00,5919.0
2015-03-16 15:00:00,5869.0
2015-03-17 15:00:00,5873.0
2015-03-18 15:00:00,5875.0
2015-03-19 15:00:00,5907.0
2015-03-20 15:00:00,5899.0
2015-03-23 15:00:00,5945.0
2015-03-24 15:00:00,5973.0
2015-03-25 15:00:00,5943.0
2015-03-26 15:00:00,5965.0
2015-03-27 15:00:00,5931.0
2015-03-30 15:00:00,5899.0
2015-03-31 15:00:00,5891.0
2015-04-01 15:00:00,5893.0
2015-04-02 15:00:00,5921.0
2015-04-03 15:00:00,5921.0
2015-04-07 15:00:00,5939.0
2015-04-08 15:00:00,5899.0
2015-04-09 15:00:00,5893.0
2015-04-10 15:00:00,5889.0
2015-04-13 15:00:00,5931.0
2015-04-14 15:00:00,5915.0
2015-04-15 15:00:00,5995.0
2015-04-16 15:00:00,6013.0
2015-04-17 15:00:00,6023.0
2015-04-20 15:00:00,6091.0
2015-04-21 15:00:00,6093.0
2015-04-22 15:00:00,6067.0
2015-04-23 15:00:00,6047.0
2015-04-24 15:00:00,6085.0
2015-04-27 15:00:00,6105.0
2015-04-28 15:00:00,6063.0
2015-04-29 15:00:00,6059.0
2015-04-30 15:00:00,6105.0
2015-05-04 15:00:00,6159.0
2015-05-05 15:00:00,6199.0
2015-05-06 15:00:00,6259.0
2015-05-07 15:00:00,6185.0
2015-05-08 15:00:00,6149.0
2015-05-11 15:00:00,6221.0
2015-05-12 15:00:00,6201.0
2015-05-13 15:00:00,6187.0
2015-05-14 15:00:00,6175.0
2015-05-15 15:00:00,6179.0
2015-05-18 15:00:00,6163.0
2015-05-19 15:00:00,6075.0
2015-05-20 15:00:00,5969.0
2015-05-21 15:00:00,5969.0
2015-05-22 15:00:00,5985.0
2015-05-25 15:00:00,5949.0
2015-05-26 15:00:00,5995.0
2015-05-27 15:00:00,6013.0
2015-05-28 15:00:00,6001.0
2015-05-29 15:00:00,6021.0
2015-06-01 15:00:00,6167.0
2015-06-02 15:00:00,6199.0
2015-06-03 15:00:00,6125.0
2015-06-04 15:00:00,6113.0
2015-06-05 15:00:00,6073.0
2015-06-08 15:00:00,6055.0
2015-06-09 15:00:00,6037.0
2015-06-10 15:00:00,6037.0
2015-06-11 15:00:00,6051.0
2015-06-12 15:00:00,5997.0
2015-06-15 15:00:00,6011.0
2015-06-16 15:00:00,6053.0
2015-06-17 15:00:00,6045.0
2015-06-18 15:00:00,6035.0
2015-06-19 15:00:00,6045.0
2015-06-23 15:00:00,6073.0
2015-06-24 15:00:00,6133.0
2015-06-25 15:00:00,6173.0
2015-06-26 15:00:00,6139.0
2015-06-29 15:00:00,6115.0
2015-06-30 15:00:00,6051.0
2015-07-01 15:00:00,6147.0
2015-07-02 15:00:00,6125.0
2015-07-03 15:00:00,6131.0
2015-07-06 15:00:00,6079.0
2015-07-07 15:00:00,6035.0
2015-07-08 15:00:00,5817.0
2015-07-09 15:00:00,5873.0
2015-07-10 15:00:00,6019.0
2015-07-13 15:00:00,5959.0
2015-07-14 15:00:00,6037.0
2015-07-15 15:00:00,6023.0
2015-07-16 15:00:00,5989.0
2015-07-17 15:00:00,5933.0
2015-07-20 15:00:00,5947.0
2015-07-21 15:00:00,5979.0
2015-07-22 15:00:00,5979.0
2015-07-23 15:00:00,5917.0
2015-07-24 15:00:00,5909.0
2015-07-27 15:00:00,5803.0
2015-07-28 15:00:00,5801.0
2015-07-29 15:00:00,5821.0
2015-07-30 15:00:00,5815.0
2015-07-31 15:00:00,5803.0
2015-08-03 15:00:00,5711.0
2015-08-04 15:00:00,5747.0
2015-08-05 15:00:00,5773.0
2015-08-06 15:00:00,5717.0
2015-08-07 15:00:00,5759.0
2015-08-10 15:00:00,5787.0
2015-08-11 15:00:00,5839.0
2015-08-12 15:00:00,5863.0
2015-08-13 15:00:00,5825.0
2015-08-14 15:00:00,5777.0
2015-08-17 15:00:00,5851.0
2015-08-18 15:00:00,5797.0
2015-08-19 15:00:00,5799.0
2015-08-20 15:00:00,5751.0
2015-08-21 15:00:00,5765.0
2015-08-24 15:00:00,5599.0
2015-08-25 15:00:00,5523.0
2015-08-26 15:00:00,5545.0
2015-08-27 15:00:00,5587.0
2015-08-28 15:00:00,5681.0
2015-08-31 15:00:00,5631.0
2015-09-01 15:00:00,5659.0
2015-09-02 15:00:00,5609.0
2015-09-07 15:00:00,5601.0
2015-09-08 15:00:00,5643.0
2015-09-09 15:00:00,5625.0
2015-09-10 15:00:00,5655.0
2015-09-11 15:00:00,5643.0
2015-09-14 15:00:00,5629.0
2015-09-15 15:00:00,5571.0
2015-09-16 15:00:00,5603.0
2015-09-17 15:00:00,5597.0
2015-09-18 15:00:00,5589.0
2015-09-21 15:00:00,5583.0
2015-09-22 15:00:00,5545.0
2015-09-23 15:00:00,5551.0
2015-09-24 15:00:00,5571.0
2015-09-25 15:00:00,5613.0
2015-09-28 15:00:00,5645.0
2015-09-29 15:00:00,5577.0
2015-09-30 15:00:00,5599.0
2015-10-08 15:00:00,5633.0
2015-10-09 15:00:00,5687.0
2015-10-12 15:00:00,5763.0
2015-10-13 15:00:00,5781.0
2015-10-14 15:00:00,5775.0
2015-10-15 15:00:00,5751.0
2015-10-16 15:00:00,5741.0
2015-10-19 15:00:00,5687.0
2015-10-20 15:00:00,5631.0
2015-10-21 15:00:00,5657.0
2015-10-22 15:00:00,5727.0
2015-10-23 15:00:00,5663.0
2015-10-26 15:00:00,5641.0
2015-10-27 15:00:00,5641.0
2015-10-28 15:00:00,5633.0
2015-10-29 15:00:00,5655.0
2015-10-30 15:00:00,5645.0
2015-11-02 15:00:00,5683.0
2015-11-03 15:00:00,5659.0
2015-11-04 15:00:00,5755.0
2015-11-05 15:00:00,5763.0
2015-11-06 15:00:00,5731.0
2015-11-09 15:00:00,5743.0
2015-11-10 15:00:00,5755.0
2015-11-11 15:00:00,5669.0
2015-11-12 15:00:00,5691.0
2015-11-13 15:00:00,5691.0
2015-11-16 15:00:00,5623.0
2015-11-17 15:00:00,5653.0
2015-11-18 15:00:00,5639.0
2015-11-19 15:00:00,5621.0
2015-11-20 15:00:00,5695.0
2015-11-23 15:00:00,5681.0
2015-11-24 15:00:00,5857.0
2015-11-25 15:00:00,5853.0
2015-11-26 15:00:00,5865.0
2015-11-27 15:00:00,5923.0
2015-11-30 15:00:00,5887.0
2015-12-01 15:00:00,5919.0
2015-12-02 15:00:00,5955.0
2015-12-03 15:00:00,5931.0
2015-12-04 15:00:00,5931.0
2015-12-07 15:00:00,6015.0
2015-12-08 15:00:00,5899.0
2015-12-09 15:00:00,5771.0
2015-12-10 15:00:00,5757.0
2015-12-11 15:00:00,5793.0
2015-12-14 15:00:00,5773.0
2015-12-15 15:00:00,5761.0
2015-12-16 15:00:00,5755.0
2015-12-17 15:00:00,5727.0
2015-12-18 15:00:00,5747.0
2015-12-21 15:00:00,5797.0
2015-12-22 15:00:00,5789.0
2015-12-23 15:00:00,5787.0
2015-12-24 15:00:00,5781.0
2015-12-25 15:00:00,5797.0
2015-12-28 15:00:00,5747.0
2015-12-29 15:00:00,5811.0
2015-12-30 15:00:00,5851.0
2015-12-31 15:00:00,5841.0
2016-01-04 15:00:00,5795.0
2016-01-05 15:00:00,5835.0
2016-01-06 15:00:00,5771.0
2016-01-07 15:00:00,5763.0
2016-01-08 15:00:00,5761.0
2016-01-11 15:00:00,5723.0
2016-01-12 15:00:00,5673.0
2016-01-13 15:00:00,5679.0
2016-01-14 15:00:00,5679.0
2016-01-15 15:00:00,5677.0
2016-01-18 15:00:00,5707.0
2016-01-19 15:00:00,5721.0
2016-01-20 15:00:00,5687.0
2016-01-21 15:00:00,5671.0
2016-01-22 15:00:00,5711.0
2016-01-25 15:00:00,5713.0
2016-01-26 15:00:00,5719.0
2016-01-27 15:00:00,5723.0
2016-01-28 15:00:00,5707.0
2016-01-29 15:00:00,5685.0
2016-02-01 15:00:00,5685.0
2016-02-02 15:00:00,5717.0
2016-02-03 15:00:00,5691.0
2016-02-04 15:00:00,5709.0
2016-02-05 15:00:00,5715.0
2016-02-15 15:00:00,5781.0
2016-02-16 15:00:00,5765.0
2016-02-17 15:00:00,5751.0
2016-02-18 15:00:00,5761.0
2016-02-19 15:00:00,5727.0
2016-02-22 15:00:00,5731.0
2016-02-23 15:00:00,5699.0
2016-02-24 15:00:00,5665.0
2016-02-25 15:00:00,5653.0
2016-02-26 15:00:00,5633.0
2016-02-29 15:00:00,5631.0
2016-03-01 15:00:00,5623.0
2016-03-02 15:00:00,5597.0
2016-03-03 15:00:00,5607.0
2016-03-04 15:00:00,5633.0
2016-03-07 15:00:00,5697.0
2016-03-08 15:00:00,5679.0
2016-03-09 15:00:00,5695.0
2016-03-10 15:00:00,5675.0
2016-03-11 15:00:00,5795.0
2016-03-14 15:00:00,5805.0
2016-03-15 15:00:00,5785.0
2016-03-16 15:00:00,5785.0
2016-03-17 15:00:00,5891.0
2016-03-18 15:00:00,5931.0
2016-03-21 15:00:00,5973.0
2016-03-22 15:00:00,6015.0
2016-03-23 15:00:00,5963.0
2016-03-24 15:00:00,5889.0
2016-03-25 15:00:00,5955.0
2016-03-28 15:00:00,5937.0
2016-03-29 15:00:00,5929.0
2016-03-30 15:00:00,5885.0
2016-03-31 15:00:00,5897.0
2016-04-01 15:00:00,6001.0
2016-04-05 15:00:00,5995.0
2016-04-06 15:00:00,5925.0
2016-04-07 15:00:00,5959.0
2016-04-08 15:00:00,5921.0
2016-04-11 15:00:00,6007.0
2016-04-12 15:00:00,6007.0
2016-04-13 15:00:00,6047.0
2016-04-14 15:00:00,6097.0
2016-04-15 15:00:00,6033.0
2016-04-18 15:00:00,6029.0
2016-04-19 15:00:00,6101.0
2016-04-20 15:00:00,6201.0
2016-04-21 15:00:00,6345.0
2016-04-22 15:00:00,6269.0
2016-04-25 15:00:00,6237.0
2016-04-26 15:00:00,6229.0
2016-04-27 15:00:00,6221.0
2016-04-28 15:00:00,6105.0
2016-04-29 15:00:00,6041.0
2016-05-03 15:00:00,6079.0
2016-05-04 15:00:00,6119.0
2016-05-05 15:00:00,6109.0
2016-05-06 15:00:00,6013.0
2016-05-09 15:00:00,6147.0
2016-05-10 15:00:00,6153.0
2016-05-11 15:00:00,6321.0
2016-05-12 15:00:00,6275.0
2016-05-13 15:00:00,6021.0
2016-05-16 15:00:00,6037.0
2016-05-17 15:00:00,6167.0
2016-05-18 15:00:00,6157.0
2016-05-19 15:00:00,6109.0
2016-05-20 15:00:00,6073.0
2016-05-23 15:00:00,5891.0
2016-05-24 15:00:00,5907.0
2016-05-25 15:00:00,5887.0
2016-05-26 15:00:00,6009.0
2016-05-27 15:00:00,5981.0
2016-05-30 15:00:00,6131.0
2016-05-31 15:00:00,6095.0
2016-06-01 15:00:00,6121.0
2016-06-02 15:00:00,6157.0
2016-06-03 15:00:00,6311.0
2016-06-06 15:00:00,6355.0
2016-06-07 15:00:00,6421.0
2016-06-08 15:00:00,6353.0
2016-06-13 15:00:00,6307.0
2016-06-14 15:00:00,6245.0
2016-06-15 15:00:00,6205.0
2016-06-16 15:00:00,6125.0
2016-06-17 15:00:00,6121.0
2016-06-20 15:00:00,6137.0
2016-06-21 15:00:00,6113.0
2016-06-22 15:00:00,6169.0
2016-06-23 15:00:00,6145.0
2016-06-24 15:00:00,6071.0
2016-06-27 15:00:00,6179.0
2016-06-28 15:00:00,6231.0
2016-06-29 15:00:00,6207.0
2016-06-30 15:00:00,6275.0
2016-07-01 15:00:00,6313.0
2016-07-04 15:00:00,6557.0
2016-07-05 15:00:00,6547.0
2016-07-06 15:00:00,6299.0
2016-07-07 15:00:00,6203.0
2016-07-08 15:00:00,6209.0
2016-07-11 15:00:00,6273.0
2016-07-12 15:00:00,6223.0
2016-07-13 15:00:00,6369.0
2016-07-14 15:00:00,6399.0
2016-07-15 15:00:00,6375.0
2016-07-18 15:00:00,6363.0
2016-07-19 15:00:00,6313.0
2016-07-20 15:00:00,6373.0
2016-07-21 15:00:00,6371.0
2016-07-22 15:00:00,6277.0
2016-07-25 15:00:00,6205.0
2016-07-26 15:00:00,6145.0
2016-07-27 15:00:00,6129.0
2016-07-28 15:00:00,6079.0
2016-07-29 15:00:00,6027.0
2016-08-01 15:00:00,6133.0
2016-08-02 15:00:00,6139.0
2016-08-03 15:00:00,6149.0
2016-08-04 15:00:00,6169.0
2016-08-05 15:00:00,6125.0
2016-08-08 15:00:00,6173.0
2016-08-09 15:00:00,6199.0
2016-08-10 15:00:00,6171.0
2016-08-11 15:00:00,6097.0
2016-08-12 15:00:00,6133.0
2016-08-15 15:00:00,6285.0
2016-08-16 15:00:00,6319.0
2016-08-17 15:00:00,6345.0
2016-08-18 15:00:00,6347.0
2016-08-19 15:00:00,6419.0
2016-08-22 15:00:00,6313.0
2016-08-23 15:00:00,6301.0
2016-08-24 15:00:00,6389.0
2016-08-25 15:00:00,6263.0
2016-08-26 15:00:00,6225.0
2016-08-29 15:00:00,6219.0
2016-08-30 15:00:00,6235.0
2016-08-31 15:00:00,6099.0
2016-09-01 15:00:00,6093.0
2016-09-02 15:00:00,6105.0
2016-09-05 15:00:00,6145.0
2016-09-06 15:00:00,6159.0
2016-09-07 15:00:00,6165.0
2016-09-08 15:00:00,6167.0
2016-09-09 15:00:00,6211.0
2016-09-12 15:00:00,6079.0
2016-09-13 15:00:00,6113.0
2016-09-14 15:00:00,5985.0
2016-09-19 15:00:00,6065.0
2016-09-20 15:00:00,6271.0
2016-09-21 15:00:00,6237.0
2016-09-22 15:00:00,6251.0
2016-09-23 15:00:00,6303.0
2016-09-26 15:00:00,6341.0
2016-09-27 15:00:00,6287.0
2016-09-28 15:00:00,6207.0
2016-09-29 15:00:00,6203.0
2016-09-30 15:00:00,6189.0
2016-10-10 15:00:00,6137.0
2016-10-11 15:00:00,6261.0
2016-10-12 15:00:00,6303.0
2016-10-13 15:00:00,6267.0
2016-10-14 15:00:00,6391.0
2016-10-17 15:00:00,6551.0
2016-10-18 15:00:00,6703.0
2016-10-19 15:00:00,6829.0
2016-10-20 15:00:00,6787.0
2016-10-21 15:00:00,6723.0
2016-10-24 15:00:00,6855.0
2016-10-25 15:00:00,6831.0
2016-10-26 15:00:00,6869.0
2016-10-27 15:00:00,6773.0
2016-10-28 15:00:00,6805.0
2016-10-31 15:00:00,6759.0
2016-11-01 15:00:00,6755.0
2016-11-02 15:00:00,6677.0
2016-11-03 15:00:00,6713.0
2016-11-04 15:00:00,6633.0
2016-11-07 15:00:00,6695.0
2016-11-08 15:00:00,6763.0
2016-11-09 15:00:00,6691.0
2016-11-10 15:00:00,6789.0
2016-11-11 15:00:00,6937.0
2016-11-14 15:00:00,6649.0
2016-11-15 15:00:00,6633.0
2016-11-16 15:00:00,6723.0
2016-11-17 15:00:00,6701.0
2016-11-18 15:00:00,6689.0
2016-11-21 15:00:00,6761.0
2016-11-22 15:00:00,6791.0
2016-11-23 15:00:00,6777.0
2016-11-24 15:00:00,7041.0
2016-11-25 15:00:00,7253.0
2016-11-28 15:00:00,7297.0
2016-11-29 15:00:00,7215.0
2016-11-30 15:00:00,7375.0
2016-12-01 15:00:00,7367.0
2016-12-02 15:00:00,7387.0
2016-12-05 15:00:00,7403.0
2016-12-06 15:00:00,7361.0
2016-12-07 15:00:00,7419.0
2016-12-08 15:00:00,7321.0
2016-12-09 15:00:00,7241.0
2016-12-12 15:00:00,7319.0
2016-12-13 15:00:00,7301.0
2016-12-14 15:00:00,7275.0
2016-12-15 15:00:00,7299.0
2016-12-16 15:00:00,7285.0
2016-12-19 15:00:00,7331.0
2016-12-20 15:00:00,7135.0
2016-12-21 15:00:00,7121.0
2016-12-22 15:00:00,7031.0
2016-12-23 15:00:00,6867.0
2016-12-26 15:00:00,6815.0
2016-12-27 15:00:00,6967.0
2016-12-28 15:00:00,6931.0
2016-12-29 15:00:00,6937.0
2016-12-30 15:00:00,6935.0
2017-01-03 15:00:00,6877.0
2017-01-04 15:00:00,6835.0
2017-01-05 15:00:00,6829.0
2017-01-06 15:00:00,6719.0
2017-01-09 15:00:00,6745.0
2017-01-10 15:00:00,6797.0
2017-01-11 15:00:00,6839.0
2017-01-12 15:00:00,6821.0
2017-01-13 15:00:00,6821.0
2017-01-16 15:00:00,6931.0
2017-01-17 15:00:00,7005.0
2017-01-18 15:00:00,6939.0
2017-01-19 15:00:00,6957.0
2017-01-20 15:00:00,6899.0
2017-01-23 15:00:00,6891.0
2017-01-24 15:00:00,6959.0
2017-01-25 15:00:00,6847.0
2017-01-26 15:00:00,6821.0
2017-02-03 15:00:00,6761.0
2017-02-06 15:00:00,6821.0
2017-02-07 15:00:00,6793.0
2017-02-08 15:00:00,6871.0
2017-02-09 15:00:00,6847.0
2017-02-10 15:00:00,6941.0
2017-02-13 15:00:00,6873.0
2017-02-14 15:00:00,6795.0
2017-02-15 15:00:00,6767.0
2017-02-16 15:00:00,6739.0
2017-02-17 15:00:00,6621.0
2017-02-20 15:00:00,6653.0
2017-02-21 15:00:00,6629.0
2017-02-22 15:00:00,6609.0
2017-02-23 15:00:00,6529.0
2017-02-24 15:00:00,6541.0
2017-02-27 15:00:00,6517.0
2017-02-28 15:00:00,6525.0
2017-03-01 15:00:00,6595.0
2017-03-02 15:00:00,6617.0
2017-03-03 15:00:00,6603.0
2017-03-06 15:00:00,6587.0
2017-03-07 15:00:00,6465.0
2017-03-08 15:00:00,6379.0
2017-03-09 15:00:00,6293.0
2017-03-10 15:00:00,6135.0
2017-03-13 15:00:00,6275.0
2017-03-14 15:00:00,6251.0
2017-03-15 15:00:00,6219.0
2017-03-16 15:00:00,6157.0
2017-03-17 15:00:00,6175.0
2017-03-20 15:00:00,6183.0
2017-03-21 15:00:00,6185.0
2017-03-22 15:00:00,6185.0
2017-03-23 15:00:00,6067.0
2017-03-24 15:00:00,6029.0
2017-03-27 15:00:00,5919.0
2017-03-28 15:00:00,5927.0
2017-03-29 15:00:00,5929.0
2017-03-30 15:00:00,5851.0
2017-03-31 15:00:00,5735.0
2017-04-05 15:00:00,5773.0
2017-04-06 15:00:00,5743.0
2017-04-07 15:00:00,5671.0
2017-04-10 15:00:00,5737.0
2017-04-11 15:00:00,5767.0
2017-04-12 15:00:00,5615.0
2017-04-13 15:00:00,5685.0
2017-04-14 15:00:00,5713.0
2017-04-17 15:00:00,5747.0
2017-04-18 15:00:00,5721.0
2017-04-19 15:00:00,5629.0
2017-04-20 15:00:00,5673.0
2017-04-21 15:00:00,5683.0
2017-04-24 15:00:00,5757.0
2017-04-25 15:00:00,5713.0
2017-04-26 15:00:00,5687.0
2017-04-27 15:00:00,5749.0
2017-04-28 15:00:00,5719.0
2017-05-02 15:00:00,5839.0
2017-05-03 15:00:00,5841.0
2017-05-04 15:00:00,5833.0
2017-05-05 15:00:00,5757.0
2017-05-08 15:00:00,5859.0
2017-05-09 15:00:00,5841.0
2017-05-10 15:00:00,5789.0
2017-05-11 15:00:00,5867.0
2017-05-12 15:00:00,5837.0
2017-05-15 15:00:00,5859.0
2017-05-16 15:00:00,5923.0
2017-05-17 15:00:00,5923.0
2017-05-18 15:00:00,5867.0
2017-05-19 15:00:00,5817.0
2017-05-22 15:00:00,5891.0
2017-05-23 15:00:00,5819.0
2017-05-24 15:00:00,5747.0
2017-05-25 15:00:00,5727.0
2017-05-26 15:00:00,5625.0
2017-05-31 15:00:00,5439.0
2017-06-01 15:00:00,5441.0
2017-06-02 15:00:00,5455.0
2017-06-05 15:00:00,5491.0
2017-06-06 15:00:00,5557.0
2017-06-07 15:00:00,5571.0
2017-06-08 15:00:00,5553.0
2017-06-09 15:00:00,5641.0
2017-06-12 15:00:00,5721.0
2017-06-13 15:00:00,5677.0
2017-06-14 15:00:00,5703.0
2017-06-15 15:00:00,5729.0
2017-06-16 15:00:00,5783.0
2017-06-19 15:00:00,5847.0
2017-06-20 15:00:00,5777.0
2017-06-21 15:00:00,5727.0
2017-06-22 15:00:00,5697.0
2017-06-23 15:00:00,5677.0
2017-06-26 15:00:00,5685.0
2017-06-27 15:00:00,5761.0
2017-06-28 15:00:00,5779.0
2017-06-29 15:00:00,5815.0
2017-06-30 15:00:00,5793.0
2017-07-03 15:00:00,5865.0
2017-07-04 15:00:00,5747.0
2017-07-05 15:00:00,5779.0
2017-07-06 15:00:00,5821.0
2017-07-07 15:00:00,5859.0
2017-07-10 15:00:00,5977.0
2017-07-11 15:00:00,5987.0
2017-07-12 15:00:00,5991.0
2017-07-13 15:00:00,5933.0
2017-07-14 15:00:00,5889.0
2017-07-17 15:00:00,5939.0
2017-07-18 15:00:00,5925.0
2017-07-19 15:00:00,5965.0
2017-07-20 15:00:00,6035.0
2017-07-21 15:00:00,6053.0
2017-07-24 15:00:00,5951.0
2017-07-25 15:00:00,6071.0
2017-07-26 15:00:00,5971.0
2017-07-27 15:00:00,6035.0
2017-07-28 15:00:00,5927.0
2017-07-31 15:00:00,6031.0
2017-08-01 15:00:00,6047.0
2017-08-02 15:00:00,6019.0
2017-08-03 15:00:00,5949.0
2017-08-04 15:00:00,5947.0
2017-08-07 15:00:00,5947.0
2017-08-08 15:00:00,6057.0
2017-08-09 15:00:00,6087.0
2017-08-10 15:00:00,6129.0
2017-08-11 15:00:00,6175.0
2017-08-14 15:00:00,6147.0
2017-08-15 15:00:00,6127.0
2017-08-16 15:00:00,6023.0
2017-08-17 15:00:00,6067.0
2017-08-18 15:00:00,6121.0
2017-08-21 15:00:00,6101.0
2017-08-22 15:00:00,6223.0
2017-08-23 15:00:00,6289.0
2017-08-24 15:00:00,6291.0
2017-08-25 15:00:00,6249.0
2017-08-28 15:00:00,6267.0
2017-08-29 15:00:00,6211.0
2017-08-30 15:00:00,6191.0
2017-08-31 15:00:00,6205.0
2017-09-01 15:00:00,6233.0
2017-09-04 15:00:00,6271.0
2017-09-05 15:00:00,6295.0
2017-09-06 15:00:00,6253.0
2017-09-07 15:00:00,6251.0
2017-09-08 15:00:00,6149.0
2017-09-11 15:00:00,6189.0
2017-09-12 15:00:00,6161.0
2017-09-13 15:00:00,6115.0
2017-09-14 15:00:00,6181.0
2017-09-15 15:00:00,6201.0
2017-09-18 15:00:00,6123.0
2017-09-19 15:00:00,6093.0
2017-09-20 15:00:00,6117.0
2017-09-21 15:00:00,6089.0
2017-09-22 15:00:00,6065.0
2017-09-25 15:00:00,5941.0
2017-09-26 15:00:00,5925.0
2017-09-27 15:00:00,5919.0
2017-09-28 15:00:00,5813.0
2017-09-29 15:00:00,5853.0
2017-10-09 15:00:00,5865.0
2017-10-10 15:00:00,5825.0
2017-10-11 15:00:00,5821.0
2017-10-12 15:00:00,5893.0
2017-10-13 15:00:00,5941.0
2017-10-16 15:00:00,5967.0
2017-10-17 15:00:00,5977.0
2017-10-18 15:00:00,5939.0
2017-10-19 15:00:00,5833.0
2017-10-20 15:00:00,5899.0
2017-10-23 15:00:00,5953.0
2017-10-24 15:00:00,5971.0
2017-10-25 15:00:00,6069.0
2017-10-26 15:00:00,6113.0
2017-10-27 15:00:00,6135.0
2017-10-30 15:00:00,6151.0
2017-10-31 15:00:00,6105.0
2017-11-01 15:00:00,6095.0
2017-11-02 15:00:00,6125.0
2017-11-03 15:00:00,6093.0
2017-11-06 15:00:00,6097.0
2017-11-07 15:00:00,6131.0
2017-11-08 15:00:00,6109.0
2017-11-09 15:00:00,6143.0
2017-11-10 15:00:00,6049.0
2017-11-13 15:00:00,6021.0
2017-11-14 15:00:00,5991.0
2017-11-15 15:00:00,5951.0
2017-11-16 15:00:00,5937.0
2017-11-17 15:00:00,5927.0
2017-11-20 15:00:00,5911.0
2017-11-21 15:00:00,5885.0
2017-11-22 15:00:00,5923.0
2017-11-23 15:00:00,5901.0
2017-11-24 15:00:00,5933.0
2017-11-27 15:00:00,5879.0
2017-11-28 15:00:00,5865.0
2017-11-29 15:00:00,5815.0
2017-11-30 15:00:00,5873.0
2017-12-01 15:00:00,5857.0
2017-12-04 15:00:00,5861.0
2017-12-05 15:00:00,5747.0
2017-12-06 15:00:00,5785.0
2017-12-07 15:00:00,5697.0
2017-12-08 15:00:00,5717.0
2017-12-11 15:00:00,5741.0
2017-12-12 15:00:00,5755.0
2017-12-13 15:00:00,5745.0
2017-12-14 15:00:00,5649.0
2017-12-15 15:00:00,5669.0
2017-12-18 15:00:00,5719.0
2017-12-19 15:00:00,5651.0
2017-12-20 15:00:00,5653.0
2017-12-21 15:00:00,5553.0
2017-12-22 15:00:00,5467.0
2017-12-25 15:00:00,5527.0
2017-12-26 15:00:00,5515.0
2017-12-27 15:00:00,5529.0
2017-12-28 15:00:00,5487.0
2017-12-29 15:00:00,5475.0
2018-01-02 15:00:00,5595.0
2018-01-03 15:00:00,5617.0
2018-01-04 15:00:00,5659.0
2018-01-05 15:00:00,5685.0
2018-01-08 15:00:00,5637.0
2018-01-09 15:00:00,5647.0
2018-01-10 15:00:00,5643.0
2018-01-11 15:00:00,5627.0
2018-01-12 15:00:00,5569.0
2018-01-15 15:00:00,5549.0
2018-01-16 15:00:00,5489.0
2018-01-17 15:00:00,5509.0
2018-01-18 15:00:00,5523.0
2018-01-19 15:00:00,5443.0
2018-01-22 15:00:00,5501.0
2018-01-23 15:00:00,5517.0
2018-01-24 15:00:00,5555.0
2018-01-25 15:00:00,5547.0
2018-01-26 15:00:00,5575.0
2018-01-29 15:00:00,5569.0
2018-01-30 15:00:00,5477.0
2018-01-31 15:00:00,5515.0
2018-02-01 15:00:00,5481.0
2018-02-02 15:00:00,5401.0
2018-02-05 15:00:00,5411.0
2018-02-06 15:00:00,5387.0
2018-02-07 15:00:00,5387.0
2018-02-08 15:00:00,5389.0
2018-02-09 15:00:00,5355.0
2018-02-12 15:00:00,5357.0
2018-02-13 15:00:00,5355.0
2018-02-14 15:00:00,5297.0
2018-02-22 15:00:00,5295.0
2018-02-23 15:00:00,5407.0
2018-02-26 15:00:00,5435.0
2018-02-27 15:00:00,5415.0
2018-02-28 15:00:00,5447.0
2018-03-01 15:00:00,5447.0
2018-03-02 15:00:00,5497.0
2018-03-05 15:00:00,5435.0
2018-03-06 15:00:00,5421.0
2018-03-07 15:00:00,5359.0
2018-03-08 15:00:00,5365.0
2018-03-09 15:00:00,5293.0
2018-03-12 15:00:00,5323.0
2018-03-13 15:00:00,5423.0
2018-03-14 15:00:00,5405.0
2018-03-15 15:00:00,5389.0
2018-03-16 15:00:00,5397.0
2018-03-19 15:00:00,5463.0
2018-03-20 15:00:00,5435.0
2018-03-21 15:00:00,5383.0
2018-03-22 15:00:00,5427.0
2018-03-23 15:00:00,5397.0
2018-03-26 15:00:00,5389.0
2018-03-27 15:00:00,5349.0
2018-03-28 15:00:00,5337.0
2018-03-29 15:00:00,5273.0
2018-03-30 15:00:00,5333.0
2018-04-02 15:00:00,5427.0
2018-04-03 15:00:00,5417.0
2018-04-04 15:00:00,5443.0
2018-04-09 15:00:00,5473.0
2018-04-10 15:00:00,5481.0
2018-04-11 15:00:00,5463.0
2018-04-12 15:00:00,5387.0
2018-04-13 15:00:00,5401.0
2018-04-16 15:00:00,5343.0
2018-04-17 15:00:00,5345.0
2018-04-18 15:00:00,5337.0
2018-04-19 15:00:00,5399.0
2018-04-20 15:00:00,5417.0
2018-04-23 15:00:00,5425.0
2018-04-24 15:00:00,5355.0
2018-04-25 15:00:00,5379.0
2018-04-26 15:00:00,5341.0
2018-04-27 15:00:00,5311.0
2018-05-02 15:00:00,5333.0
2018-05-03 15:00:00,5377.0
2018-05-04 15:00:00,5355.0
2018-05-07 15:00:00,5393.0
2018-05-08 15:00:00,5395.0
2018-05-09 15:00:00,5479.0
2018-05-10 15:00:00,5485.0
2018-05-11 15:00:00,5489.0
2018-05-14 15:00:00,5483.0
2018-05-15 15:00:00,5479.0
2018-05-16 15:00:00,5402.0
2018-05-17 15:00:00,5429.0
2018-05-18 15:00:00,5514.0
2018-05-21 15:00:00,5595.0
2018-05-22 15:00:00,5658.0
2018-05-23 15:00:00,5645.0
2018-05-24 15:00:00,5725.0
2018-05-25 15:00:00,5653.0
2018-05-28 15:00:00,5622.0
2018-05-29 15:00:00,5763.0
2018-05-30 15:00:00,5839.0
2018-05-31 15:00:00,5823.0
2018-06-01 15:00:00,5818.0
2018-06-04 15:00:00,5795.0
2018-06-05 15:00:00,5687.0
2018-06-06 15:00:00,5676.0
2018-06-07 15:00:00,5666.0
2018-06-08 15:00:00,5587.0
2018-06-11 15:00:00,5581.0
2018-06-12 15:00:00,5574.0
2018-06-13 15:00:00,5531.0
2018-06-14 15:00:00,5556.0
2018-06-15 15:00:00,5622.0
2018-06-19 15:00:00,5261.0
2018-06-20 15:00:00,5354.0
2018-06-21 15:00:00,5373.0
2018-06-22 15:00:00,5345.0
2018-06-25 15:00:00,5349.0
2018-06-26 15:00:00,5307.0
2018-06-27 15:00:00,5361.0
2018-06-28 15:00:00,5346.0
2018-06-29 15:00:00,5354.0
2018-07-02 15:00:00,5366.0
2018-07-03 15:00:00,5356.0
2018-07-04 15:00:00,5337.0
2018-07-05 15:00:00,5357.0
2018-07-06 15:00:00,5342.0
2018-07-09 15:00:00,5357.0
2018-07-10 15:00:00,5317.0
2018-07-11 15:00:00,5266.0
2018-07-12 15:00:00,5220.0
2018-07-13 15:00:00,5127.0
2018-07-16 15:00:00,5124.0
2018-07-17 15:00:00,5125.0
2018-07-18 15:00:00,5133.0
2018-07-19 15:00:00,5152.0
2018-07-20 15:00:00,5130.0
2018-07-23 15:00:00,5167.0
2018-07-24 15:00:00,5153.0
2018-07-25 15:00:00,5152.0
2018-07-26 15:00:00,5212.0
2018-07-27 15:00:00,5210.0
2018-07-30 15:00:00,5217.0
2018-07-31 15:00:00,5192.0
2018-08-01 15:00:00,5198.0
2018-08-02 15:00:00,5194.0
2018-08-03 15:00:00,5210.0
2018-08-06 15:00:00,5223.0
2018-08-07 15:00:00,5309.0
2018-08-08 15:00:00,5337.0
2018-08-09 15:00:00,5350.0
2018-08-10 15:00:00,5350.0
2018-08-13 15:00:00,5276.0
2018-08-14 15:00:00,5286.0
2018-08-15 15:00:00,5320.0
2018-08-16 15:00:00,5275.0
2018-08-17 15:00:00,5383.0
2018-08-20 15:00:00,5456.0
2018-08-21 15:00:00,5452.0
2018-08-22 15:00:00,5502.0
2018-08-23 15:00:00,5437.0
2018-08-24 15:00:00,5421.0
2018-08-27 15:00:00,5328.0
2018-08-28 15:00:00,5350.0
2018-08-29 15:00:00,5287.0
2018-08-30 15:00:00,5329.0
2018-08-31 15:00:00,5302.0
2018-09-03 15:00:00,5353.0
2018-09-04 15:00:00,5387.0
2018-09-05 15:00:00,5389.0
2018-09-06 15:00:00,5418.0
2018-09-07 15:00:00,5405.0
2018-09-10 15:00:00,5453.0
2018-09-11 15:00:00,5432.0
2018-09-12 15:00:00,5427.0
2018-09-13 15:00:00,5401.0
2018-09-14 15:00:00,5414.0
2018-09-17 15:00:00,5447.0
2018-09-18 15:00:00,5399.0
2018-09-19 15:00:00,5327.0
2018-09-20 15:00:00,5303.0
2018-09-21 15:00:00,5253.0
2018-09-25 15:00:00,5307.0
2018-09-26 15:00:00,5394.0
2018-09-27 15:00:00,5360.0
2018-09-28 15:00:00,5340.0
2018-10-08 15:00:00,5362.0
2018-10-09 15:00:00,5495.0
2018-10-10 15:00:00,5510.0
2018-10-11 15:00:00,5404.0
2018-10-12 15:00:00,5458.0
2018-10-15 15:00:00,5465.0
2018-10-16 15:00:00,5434.0
2018-10-17 15:00:00,5456.0
2018-10-18 15:00:00,5388.0
2018-10-19 15:00:00,5352.0
2018-10-22 15:00:00,5390.0
2018-10-23 15:00:00,5335.0
2018-10-24 15:00:00,5275.0
2018-10-25 15:00:00,5229.0
2018-10-26 15:00:00,5237.0
2018-10-29 15:00:00,5270.0
2018-10-30 15:00:00,5240.0
2018-10-31 15:00:00,5235.0
2018-11-01 15:00:00,5225.0
2018-11-02 15:00:00,5106.0
2018-11-05 15:00:00,5159.0
2018-11-06 15:00:00,5148.0
2018-11-07 15:00:00,5150.0
2018-11-08 15:00:00,5122.0
2018-11-09 15:00:00,5081.0
2018-11-12 15:00:00,5076.0
2018-11-13 15:00:00,5061.0
2018-11-14 15:00:00,4976.0
2018-11-15 15:00:00,5011.0
2018-11-16 15:00:00,5015.0
2018-11-19 15:00:00,4984.0
2018-11-20 15:00:00,5025.0
2018-11-21 15:00:00,5043.0
2018-11-22 15:00:00,5078.0
2018-11-23 15:00:00,5116.0
2018-11-26 15:00:00,5116.0
2018-11-27 15:00:00,5055.0
2018-11-28 15:00:00,5078.0
2018-11-29 15:00:00,5073.0
2018-11-30 15:00:00,5123.0
2018-12-03 15:00:00,5077.0
2018-12-04 15:00:00,5097.0
2018-12-05 15:00:00,5113.0
2018-12-06 15:00:00,5180.0
2018-12-07 15:00:00,5180.0
2018-12-10 15:00:00,5163.0
2018-12-11 15:00:00,5148.0
2018-12-12 15:00:00,5205.0
2018-12-13 15:00:00,5194.0
2018-12-14 15:00:00,5104.0
2018-12-17 15:00:00,5139.0
2018-12-18 15:00:00,5130.0
2018-12-19 15:00:00,5164.0
2018-12-20 15:00:00,5059.0
2018-12-21 15:00:00,5035.0
2018-12-24 15:00:00,5021.0
2018-12-25 15:00:00,4970.0
2018-12-26 15:00:00,4972.0
2018-12-27 15:00:00,4948.0
2018-12-28 15:00:00,4947.0
2019-01-02 15:00:00,5005.0
2019-01-03 15:00:00,5036.0
2019-01-04 15:00:00,5052.0
2019-01-07 15:00:00,5054.0
2019-01-08 15:00:00,5069.0
2019-01-09 15:00:00,5047.0
2019-01-10 15:00:00,5036.0
2019-01-11 15:00:00,4991.0
2019-01-14 15:00:00,4948.0
2019-01-15 15:00:00,4971.0
2019-01-16 15:00:00,4987.0
2019-01-17 15:00:00,4968.0
2019-01-18 15:00:00,5019.0
2019-01-21 15:00:00,5107.0
2019-01-22 15:00:00,5167.0
2019-01-23 15:00:00,5156.0
2019-01-24 15:00:00,5154.0
2019-01-25 15:00:00,5152.0
2019-01-28 15:00:00,5250.0
2019-01-29 15:00:00,5249.0
2019-01-30 15:00:00,5248.0
2019-01-31 15:00:00,5211.0
2019-02-01 15:00:00,5202.0
2019-02-11 15:00:00,5179.0
2019-02-12 15:00:00,5186.0
2019-02-13 15:00:00,5190.0
2019-02-14 15:00:00,5211.0
2019-02-15 15:00:00,5172.0
2019-02-18 15:00:00,5208.0
2019-02-19 15:00:00,5291.0
2019-02-20 15:00:00,5223.0
2019-02-21 15:00:00,5195.0
2019-02-22 15:00:00,5191.0
2019-02-25 15:00:00,5190.0
2019-02-26 15:00:00,5106.0
2019-02-27 15:00:00,5107.0
2019-02-28 15:00:00,5143.0
2019-03-01 15:00:00,5298.0
2019-03-04 15:00:00,5388.0
2019-03-05 15:00:00,5418.0
2019-03-06 15:00:00,5605.0
2019-03-07 15:00:00,5561.0
2019-03-08 15:00:00,5707.0
2019-03-11 15:00:00,5748.0
2019-03-12 15:00:00,5518.0
2019-03-13 15:00:00,5416.0
2019-03-14 15:00:00,5352.0
2019-03-15 15:00:00,5363.0
2019-03-18 15:00:00,5455.0
2019-03-19 15:00:00,5492.0
2019-03-20 15:00:00,5477.0
2019-03-21 15:00:00,5482.0
2019-03-22 15:00:00,5579.0
2019-03-25 15:00:00,5576.0
2019-03-26 15:00:00,5586.0
2019-03-27 15:00:00,5686.0
2019-03-28 15:00:00,5485.0
2019-03-29 15:00:00,5456.0
2019-04-01 15:00:00,5450.0
2019-04-02 15:00:00,5479.0
2019-04-03 15:00:00,5538.0
2019-04-04 15:00:00,5549.0
2019-04-08 15:00:00,5580.0
2019-04-09 15:00:00,5577.0
2019-04-10 15:00:00,5575.0
2019-04-11 15:00:00,5573.0
2019-04-12 15:00:00,5574.0
2019-04-15 15:00:00,5522.0
2019-04-16 15:00:00,5514.0
2019-04-17 15:00:00,5530.0
2019-04-18 15:00:00,5474.0
2019-04-19 15:00:00,5471.0
2019-04-22 15:00:00,5476.0
2019-04-23 15:00:00,5462.0
2019-04-24 15:00:00,5342.0
2019-04-25 15:00:00,5322.0
2019-04-26 15:00:00,5289.0
2019-04-29 15:00:00,5293.0
2019-04-30 15:00:00,5302.0
2019-05-06 15:00:00,5298.0
2019-05-07 15:00:00,5361.0
2019-05-08 15:00:00,5360.0
2019-05-09 15:00:00,5486.0
2019-05-10 15:00:00,5481.0
2019-05-13 15:00:00,5486.0
2019-05-14 15:00:00,5481.0
2019-05-15 15:00:00,5508.0
2019-05-16 15:00:00,5538.0
2019-05-17 15:00:00,5516.0
2019-05-20 15:00:00,5524.0
2019-05-21 15:00:00,5550.0
2019-05-22 15:00:00,5514.0
2019-05-23 15:00:00,5462.0
2019-05-24 15:00:00,5495.0
2019-05-27 15:00:00,5566.0
2019-05-28 15:00:00,5542.0
2019-05-29 15:00:00,5625.0
2019-05-30 15:00:00,5566.0
2019-05-31 15:00:00,5543.0
2019-06-03 15:00:00,5521.0
2019-06-04 15:00:00,5574.0
2019-06-05 15:00:00,5539.0
2019-06-06 15:00:00,5569.0
2019-06-10 15:00:00,5562.0
2019-06-11 15:00:00,5570.0
2019-06-12 15:00:00,5540.0
2019-06-13 15:00:00,5585.0
2019-06-14 15:00:00,5572.0
2019-06-17 15:00:00,5572.0
2019-06-18 15:00:00,5567.0
2019-06-19 15:00:00,5417.0
2019-06-20 15:00:00,5384.0
2019-06-21 15:00:00,5360.0
2019-06-24 15:00:00,5363.0
2019-06-25 15:00:00,5382.0
2019-06-26 15:00:00,5361.0
2019-06-27 15:00:00,5409.0
2019-06-28 15:00:00,5390.0
2019-07-01 15:00:00,5327.0
2019-07-02 15:00:00,5316.0
2019-07-03 15:00:00,5332.0
2019-07-04 15:00:00,5397.0
2019-07-05 15:00:00,5357.0
2019-07-08 15:00:00,5367.0
2019-07-09 15:00:00,5314.0
2019-07-10 15:00:00,5316.0
2019-07-11 15:00:00,5329.0
2019-07-12 15:00:00,5295.0
2019-07-15 15:00:00,5424.0
2019-07-16 15:00:00,5407.0
2019-07-17 15:00:00,5421.0
2019-07-18 15:00:00,5447.0
2019-07-19 15:00:00,5409.0
2019-07-22 15:00:00,5411.0
2019-07-23 15:00:00,5429.0
2019-07-24 15:00:00,5444.0
2019-07-25 15:00:00,5417.0
2019-07-26 15:00:00,5400.0
2019-07-29 15:00:00,5469.0
2019-07-30 15:00:00,5444.0
2019-07-31 15:00:00,5413.0
2019-08-01 15:00:00,5413.0
2019-08-02 15:00:00,5418.0
2019-08-05 15:00:00,5484.0
2019-08-06 15:00:00,5514.0
2019-08-07 15:00:00,5516.0
2019-08-08 15:00:00,5579.0
2019-08-09 15:00:00,5670.0
2019-08-12 15:00:00,5708.0
2019-08-13 15:00:00,5802.0
2019-08-14 15:00:00,5724.0
2019-08-15 15:00:00,5731.0
2019-08-16 15:00:00,5748.0
2019-08-19 15:00:00,5752.0
2019-08-20 15:00:00,5798.0
2019-08-21 15:00:00,5780.0
2019-08-22 15:00:00,5882.0
2019-08-23 15:00:00,5869.0
2019-08-26 15:00:00,5969.0
2019-08-27 15:00:00,5848.0
2019-08-28 15:00:00,5919.0
2019-08-29 15:00:00,5885.0
2019-08-30 15:00:00,5879.0
2019-09-02 15:00:00,5899.0
2019-09-03 15:00:00,5841.0
2019-09-04 15:00:00,5901.0
2019-09-05 15:00:00,5859.0
2019-09-06 15:00:00,5793.0
2019-09-09 15:00:00,5777.0
2019-09-10 15:00:00,5801.0
2019-09-11 15:00:00,5774.0
2019-09-12 15:00:00,5759.0
2019-09-16 15:00:00,5784.0
2019-09-17 15:00:00,5789.0
2019-09-18 15:00:00,5766.0
2019-09-19 15:00:00,5757.0
2019-09-20 15:00:00,5739.0
2019-09-23 15:00:00,5804.0
2019-09-24 15:00:00,5661.0
2019-09-25 15:00:00,5658.0
2019-09-26 15:00:00,5673.0
2019-09-27 15:00:00,5559.0
2019-09-30 15:00:00,5540.0
2019-10-08 15:00:00,5583.0
2019-10-09 15:00:00,5683.0
2019-10-10 15:00:00,5715.0
2019-10-11 15:00:00,5742.0
2019-10-14 15:00:00,5624.0
2019-10-15 15:00:00,5594.0
2019-10-16 15:00:00,5633.0
2019-10-17 15:00:00,5634.0
2019-10-18 15:00:00,5609.0
2019-10-21 15:00:00,5640.0
2019-10-22 15:00:00,5607.0
2019-10-23 15:00:00,5641.0
2019-10-24 15:00:00,5668.0
2019-10-25 15:00:00,5700.0
2019-10-28 15:00:00,5738.0
2019-10-29 15:00:00,5739.0
2019-10-30 15:00:00,5823.0
2019-10-31 15:00:00,5816.0
2019-11-01 15:00:00,5891.0
2019-11-04 15:00:00,5922.0
2019-11-05 15:00:00,5986.0
2019-11-06 15:00:00,5867.0
2019-11-07 15:00:00,5848.0
2019-11-08 15:00:00,5879.0
2019-11-11 15:00:00,5971.0
2019-11-12 15:00:00,5955.0
2019-11-13 15:00:00,5917.0
2019-11-14 15:00:00,5905.0
2019-11-15 15:00:00,5893.0
2019-11-18 15:00:00,5960.0
2019-11-19 15:00:00,5951.0
2019-11-20 15:00:00,6006.0
2019-11-21 15:00:00,5984.0
2019-11-22 15:00:00,5993.0
2019-11-25 15:00:00,5975.0
2019-11-26 15:00:00,5943.0
2019-11-27 15:00:00,5991.0
2019-11-28 15:00:00,6007.0
2019-11-29 15:00:00,6094.0
2019-12-02 15:00:00,6022.0
2019-12-03 15:00:00,6028.0
2019-12-04 15:00:00,6021.0
2019-12-05 15:00:00,6015.0
2019-12-06 15:00:00,5974.0
2019-12-09 15:00:00,5998.0
2019-12-10 15:00:00,5948.0
2019-12-11 15:00:00,5931.0
2019-12-12 15:00:00,5966.0
2019-12-13 15:00:00,6022.0
2019-12-16 15:00:00,5941.0
2019-12-17 15:00:00,5999.0
2019-12-18 15:00:00,6025.0
2019-12-19 15:00:00,6153.0
2019-12-20 15:00:00,6142.0
2019-12-23 15:00:00,6147.0
2019-12-24 15:00:00,6162.0
2019-12-25 15:00:00,6151.0
2019-12-26 15:00:00,6235.0
2019-12-27 15:00:00,6333.0
2019-12-30 15:00:00,6303.0
2019-12-31 15:00:00,6305.0
2020-01-02 15:00:00,6305.0
2020-01-03 15:00:00,6324.0
2020-01-06 15:00:00,6325.0
2020-01-07 15:00:00,6361.0
2020-01-08 15:00:00,6307.0
2020-01-09 15:00:00,6412.0
2020-01-10 15:00:00,6426.0
2020-01-13 15:00:00,6479.0
2020-01-14 15:00:00,6402.0
2020-01-15 15:00:00,6338.0
2020-01-16 15:00:00,6329.0
2020-01-17 15:00:00,6342.0
2020-01-20 15:00:00,6338.0
2020-01-21 15:00:00,6192.0
2020-01-22 15:00:00,6218.0
2020-01-23 15:00:00,6172.0
2020-02-03 15:00:00,5693.0
2020-02-04 15:00:00,5849.0
2020-02-05 15:00:00,5961.0
2020-02-06 15:00:00,6198.0
2020-02-07 15:00:00,6314.0
2020-02-10 15:00:00,6289.0
2020-02-11 15:00:00,6307.0
2020-02-12 15:00:00,6189.0
2020-02-13 15:00:00,6215.0
2020-02-14 15:00:00,6189.0
2020-02-17 15:00:00,6330.0
2020-02-18 15:00:00,6333.0
2020-02-19 15:00:00,6233.0
2020-02-20 15:00:00,6095.0
2020-02-21 15:00:00,6104.0
2020-02-24 15:00:00,6101.0
2020-02-25 15:00:00,6098.0
2020-02-26 15:00:00,6087.0
2020-02-27 15:00:00,6125.0
2020-02-28 15:00:00,5900.0
2020-03-02 15:00:00,5989.0
2020-03-03 15:00:00,5920.0
2020-03-04 15:00:00,5923.0
2020-03-05 15:00:00,5931.0
2020-03-06 15:00:00,5926.0
2020-03-09 15:00:00,5612.0
2020-03-10 15:00:00,5686.0
2020-03-11 15:00:00,5725.0
2020-03-12 15:00:00,5518.0
2020-03-13 15:00:00,5460.0
2020-03-16 15:00:00,5423.0
2020-03-17 15:00:00,5397.0
2020-03-18 15:00:00,5259.0
2020-03-19 15:00:00,5314.0
2020-03-20 15:00:00,5367.0
2020-03-23 15:00:00,5361.0
2020-03-24 15:00:00,5442.0
2020-03-25 15:00:00,5465.0
2020-03-26 15:00:00,5304.0
2020-03-27 15:00:00,5434.0
2020-03-30 15:00:00,5547.0
2020-03-31 15:00:00,5358.0
2020-04-01 15:00:00,5283.0
2020-04-02 15:00:00,5287.0
2020-04-03 15:00:00,5262.0
2020-04-07 15:00:00,5388.0
2020-04-08 15:00:00,5420.0
2020-04-09 15:00:00,5532.0
2020-04-10 15:00:00,5472.0
2020-04-13 15:00:00,5434.0
2020-04-14 15:00:00,5403.0
2020-04-15 15:00:00,5397.0
2020-04-16 15:00:00,5325.0
2020-04-17 15:00:00,5401.0
2020-04-20 15:00:00,5377.0
2020-04-21 15:00:00,5219.0
2020-04-22 15:00:00,5294.0
2020-04-23 15:00:00,5358.0
2020-04-24 15:00:00,5323.0
2020-04-27 15:00:00,5328.0
2020-04-28 15:00:00,5375.0
2020-04-29 15:00:00,5375.0
2020-04-30 15:00:00,5359.0
2020-05-06 15:00:00,5348.0
2020-05-07 15:00:00,5389.0
2020-05-08 15:00:00,5398.0
2020-05-11 15:00:00,5431.0
2020-05-12 15:00:00,5387.0
2020-05-13 15:00:00,5514.0
2020-05-14 15:00:00,5507.0
2020-05-15 15:00:00,5526.0
2020-05-18 15:00:00,5590.0
2020-05-19 15:00:00,5547.0
2020-05-20 15:00:00,5552.0
2020-05-21 15:00:00,5548.0
2020-05-22 15:00:00,5475.0
2020-05-25 15:00:00,5499.0
2020-05-26 15:00:00,5468.0
2020-05-27 15:00:00,5461.0
2020-05-28 15:00:00,5677.0
2020-05-29 15:00:00,5698.0
2020-06-01 15:00:00,5750.0
2020-06-02 15:00:00,5737.0
2020-06-03 15:00:00,5800.0
2020-06-04 15:00:00,5853.0
2020-06-05 15:00:00,5844.0
2020-06-08 15:00:00,5883.0
2020-06-09 15:00:00,5948.0
2020-06-10 15:00:00,5943.0
2020-06-11 15:00:00,6028.0
2020-06-12 15:00:00,6018.0
2020-06-15 15:00:00,6092.0
2020-06-16 15:00:00,6108.0
2020-06-17 15:00:00,6149.0
2020-06-18 15:00:00,6173.0
2020-06-19 15:00:00,6234.0
2020-06-22 15:00:00,6201.0
2020-06-23 15:00:00,6211.0
2020-06-24 15:00:00,6254.0
2020-06-29 15:00:00,6163.0
2020-06-30 15:00:00,6159.0
2020-07-01 15:00:00,6212.0
2020-07-02 15:00:00,6235.0
2020-07-03 15:00:00,6270.0
2020-07-06 15:00:00,6338.0
2020-07-07 15:00:00,6345.0
2020-07-08 15:00:00,6423.0
2020-07-09 15:00:00,6481.0
2020-07-10 15:00:00,6475.0
2020-07-13 15:00:00,6599.0
2020-07-14 15:00:00,6744.0
2020-07-15 15:00:00,6766.0
2020-07-16 15:00:00,6854.0
2020-07-17 15:00:00,7132.0
2020-07-20 15:00:00,7439.0
2020-07-21 15:00:00,7420.0
2020-07-22 15:00:00,7375.0
2020-07-23 15:00:00,7359.0
2020-07-24 15:00:00,7250.0
2020-07-27 15:00:00,7307.0
2020-07-28 15:00:00,7300.0
2020-07-29 15:00:00,7325.0
2020-07-30 15:00:00,7311.0
2020-07-31 15:00:00,7380.0
2020-08-03 15:00:00,7637.0
2020-08-04 15:00:00,7758.0
2020-08-05 15:00:00,7732.0
2020-08-06 15:00:00,7999.0
2020-08-07 15:00:00,7868.0
2020-08-10 15:00:00,7554.0
2020-08-11 15:00:00,7606.0
2020-08-12 15:00:00,7543.0
2020-08-13 15:00:00,7682.0
2020-08-14 15:00:00,7721.0
2020-08-17 15:00:00,7838.0
2020-08-18 15:00:00,7795.0
2020-08-19 15:00:00,7873.0
2020-08-20 15:00:00,7739.0
2020-08-21 15:00:00,7763.0
2020-08-24 15:00:00,7733.0
2020-08-25 15:00:00,7610.0
2020-08-26 15:00:00,7660.0
2020-08-27 15:00:00,7623.0
2020-08-28 15:00:00,7764.0
2020-08-31 15:00:00,7822.0
2020-09-01 15:00:00,7871.0
2020-09-02 15:00:00,7863.0
2020-09-03 15:00:00,7858.0
2020-09-04 15:00:00,7835.0
2020-09-07 15:00:00,7803.0
2020-09-08 15:00:00,7854.0
2020-09-09 15:00:00,7827.0
2020-09-10 15:00:00,7801.0
2020-09-11 15:00:00,7814.0
2020-09-14 15:00:00,7968.0
2020-09-15 15:00:00,7956.0
2020-09-16 15:00:00,7953.0
2020-09-17 15:00:00,8094.0
2020-09-18 15:00:00,8283.0
2020-09-21 15:00:00,8525.0
2020-09-22 15:00:00,8380.0
2020-09-23 15:00:00,8178.0
2020-09-24 15:00:00,8084.0
2020-09-25 15:00:00,8108.0
2020-09-28 15:00:00,8070.0
2020-09-29 15:00:00,8048.0
2020-09-30 15:00:00,7981.0
2020-10-09 15:00:00,8203.0
2020-10-12 15:00:00,8340.0
2020-10-13 15:00:00,8314.0
2020-10-14 15:00:00,8312.0
2020-10-15 15:00:00,8263.0
2020-10-16 15:00:00,8255.0
2020-10-19 15:00:00,8083.0
2020-10-20 15:00:00,8178.0
2020-10-21 15:00:00,8199.0
2020-10-22 15:00:00,8300.0
2020-10-23 15:00:00,8268.0
2020-10-26 15:00:00,8421.0
2020-10-27 15:00:00,8467.0
2020-10-28 15:00:00,8501.0
2020-10-29 15:00:00,8720.0
2020-10-30 15:00:00,8706.0
2020-11-02 15:00:00,8822.0
2020-11-03 15:00:00,8900.0
2020-11-04 15:00:00,9074.0
2020-11-05 15:00:00,8892.0
2020-11-06 15:00:00,8923.0
2020-11-09 15:00:00,8715.0
2020-11-10 15:00:00,8752.0
2020-11-11 15:00:00,8805.0
2020-11-12 15:00:00,8905.0
2020-11-13 15:00:00,8936.0
2020-11-16 15:00:00,8899.0
2020-11-17 15:00:00,9000.0
2020-11-18 15:00:00,9006.0
2020-11-19 15:00:00,9114.0
2020-11-20 15:00:00,9040.0
2020-11-23 15:00:00,8944.0
2020-11-24 15:00:00,8938.0
2020-11-25 15:00:00,9052.0
2020-11-26 15:00:00,8940.0
2020-11-27 15:00:00,8920.0
2020-11-30 15:00:00,8854.0
2020-12-01 15:00:00,8925.0
2020-12-02 15:00:00,8788.0
2020-12-03 15:00:00,8937.0
2020-12-04 15:00:00,8862.0
2020-12-07 15:00:00,8851.0
2020-12-08 15:00:00,8737.0
2020-12-09 15:00:00,8723.0
2020-12-10 15:00:00,8669.0
2020-12-11 15:00:00,8817.0
2020-12-14 15:00:00,8862.0
2020-12-15 15:00:00,8882.0
2020-12-16 15:00:00,8935.0
2020-12-17 15:00:00,9007.0
2020-12-18 15:00:00,9075.0
2020-12-21 15:00:00,8976.0
2020-12-22 15:00:00,8826.0
2020-12-23 15:00:00,8895.0
2020-12-24 15:00:00,9177.0
2020-12-25 15:00:00,9291.0
2020-12-28 15:00:00,9190.0
2020-12-29 15:00:00,9121.0
2020-12-30 15:00:00,9211.0
2020-12-31 15:00:00,9295.0
2021-01-04 15:00:00,9529.0
2021-01-05 15:00:00,9555.0
2021-01-06 15:00:00,9678.0
2021-01-07 15:00:00,9746.0
2021-01-08 15:00:00,9771.0
2021-01-11 15:00:00,9725.0
2021-01-12 15:00:00,9710.0
2021-01-13 15:00:00,9698.0
2021-01-14 15:00:00,9563.0
2021-01-15 15:00:00,9521.0
2021-01-18 15:00:00,9581.0
2021-01-19 15:00:00,9541.0
2021-01-20 15:00:00,9336.0
2021-01-21 15:00:00,9486.0
2021-01-22 15:00:00,9413.0
2021-01-25 15:00:00,9441.0
2021-01-26 15:00:00,9340.0
2021-01-27 15:00:00,9509.0
2021-01-28 15:00:00,9521.0
2021-01-29 15:00:00,9462.0
2021-02-01 15:00:00,9361.0
2021-02-02 15:00:00,9264.0
2021-02-03 15:00:00,9082.0
2021-02-04 15:00:00,9132.0
2021-02-05 15:00:00,9312.0
2021-02-08 15:00:00,9334.0
2021-02-09 15:00:00,9452.0
2021-02-10 15:00:00,9520.0
2021-02-18 15:00:00,9775.0
2021-02-19 15:00:00,9822.0
2021-02-22 15:00:00,9880.0
2021-02-23 15:00:00,9960.0
2021-02-24 15:00:00,10173.0
2021-02-25 15:00:00,10267.0
2021-02-26 15:00:00,10118.0
2021-03-01 15:00:00,10162.0
2021-03-02 15:00:00,10085.0
2021-03-03 15:00:00,10099.0
2021-03-04 15:00:00,10197.0
2021-03-05 15:00:00,10195.0
2021-03-08 15:00:00,10672.0
2021-03-09 15:00:00,10552.0
2021-03-10 15:00:00,10530.0
2021-03-11 15:00:00,10353.0
2021-03-12 15:00:00,10361.0
2021-03-15 15:00:00,10458.0
2021-03-16 15:00:00,10361.0
2021-03-17 15:00:00,10318.0
2021-03-18 15:00:00,10085.0
2021-03-19 15:00:00,10002.0
2021-03-22 15:00:00,10102.0
2021-03-23 15:00:00,10307.0
2021-03-24 15:00:00,10404.0
2021-03-25 15:00:00,10371.0
2021-03-26 15:00:00,9964.0
2021-03-29 15:00:00,9904.0
2021-03-30 15:00:00,9844.0
2021-03-31 15:00:00,9778.0
2021-04-01 15:00:00,10050.0
2021-04-02 15:00:00,10124.0
2021-04-06 15:00:00,10238.0
2021-04-07 15:00:00,10318.0
2021-04-08 15:00:00,10225.0
2021-04-09 15:00:00,10270.0
2021-04-12 15:00:00,10184.0
2021-04-13 15:00:00,10246.0
2021-04-14 15:00:00,10331.0
2021-04-15 15:00:00,10248.0
2021-04-16 15:00:00,10447.0
2021-04-19 15:00:00,10392.0
2021-04-20 15:00:00,10421.0
2021-04-21 15:00:00,10624.0
2021-04-22 15:00:00,10745.0
2021-04-23 15:00:00,10864.0
2021-04-26 15:00:00,10603.0
2021-04-27 15:00:00,10615.0
2021-04-28 15:00:00,10474.0
2021-04-29 15:00:00,10504.0
2021-04-30 15:00:00,10426.0
2021-05-06 15:00:00,10987.0
2021-05-07 15:00:00,11044.0
2021-05-10 15:00:00,10967.0
2021-05-11 15:00:00,10862.0
2021-05-12 15:00:00,11113.0
2021-05-13 15:00:00,10991.0
2021-05-14 15:00:00,10720.0
2021-05-17 15:00:00,10623.0
2021-05-18 15:00:00,10758.0
2021-05-19 15:00:00,10624.0
2021-05-20 15:00:00,10482.0
2021-05-21 15:00:00,10235.0
2021-05-24 15:00:00,10298.0
2021-05-25 15:00:00,10387.0
2021-05-26 15:00:00,10452.0
2021-05-27 15:00:00,10221.0
2021-05-28 15:00:00,10457.0
2021-05-31 15:00:00,10457.0
2021-06-01 15:00:00,10476.0
2021-06-02 15:00:00,10735.0
2021-06-03 15:00:00,10954.0
2021-06-04 15:00:00,10842.0
2021-06-07 15:00:00,10895.0
2021-06-08 15:00:00,10671.0
2021-06-09 15:00:00,10674.0
2021-06-10 15:00:00,10748.0
2021-06-11 15:00:00,10579.0
2021-06-15 15:00:00,10227.0
2021-06-16 15:00:00,9955.0
2021-06-17 15:00:00,9872.0
2021-06-18 15:00:00,9558.0
2021-06-21 15:00:00,9614.0
2021-06-22 15:00:00,9643.0
2021-06-23 15:00:00,9782.0
2021-06-24 15:00:00,9765.0
2021-06-25 15:00:00,9914.0
2021-06-28 15:00:00,9993.0
2021-06-29 15:00:00,9858.0
2021-06-30 15:00:00,9974.0
2021-07-01 15:00:00,10217.0
2021-07-02 15:00:00,10330.0
2021-07-05 15:00:00,10327.0
2021-07-06 15:00:00,10335.0
2021-07-07 15:00:00,10120.0
2021-07-08 15:00:00,10046.0
2021-07-09 15:00:00,10119.0
2021-07-12 15:00:00,10158.0
2021-07-13 15:00:00,10321.0
2021-07-14 15:00:00,10493.0
2021-07-15 15:00:00,10590.0
2021-07-16 15:00:00,10601.0
2021-07-19 15:00:00,10638.0
2021-07-20 15:00:00,10783.0
2021-07-21 15:00:00,10648.0
2021-07-22 15:00:00,10454.0
2021-07-23 15:00:00,10487.0
2021-07-26 15:00:00,10353.0
2021-07-27 15:00:00,10498.0
2021-07-28 15:00:00,10338.0
2021-07-29 15:00:00,10311.0
2021-07-30 15:00:00,10181.0
2021-08-02 15:00:00,10010.0
2021-08-03 15:00:00,10084.0
2021-08-04 15:00:00,10283.0
2021-08-05 15:00:00,10276.0
2021-08-06 15:00:00,10261.0
2021-08-09 15:00:00,10245.0
2021-08-10 15:00:00,10268.0
2021-08-11 15:00:00,10557.0
2021-08-12 15:00:00,10574.0
2021-08-13 15:00:00,10623.0
2021-08-16 15:00:00,10702.0
2021-08-17 15:00:00,10815.0
2021-08-18 15:00:00,10722.0
2021-08-19 15:00:00,10690.0
2021-08-20 15:00:00,10675.0
2021-08-23 15:00:00,10655.0
2021-08-24 15:00:00,10744.0
2021-08-25 15:00:00,10893.0
2021-08-26 15:00:00,10834.0
2021-08-27 15:00:00,10745.0
2021-08-30 15:00:00,10705.0
2021-08-31 15:00:00,10837.0
2021-09-01 15:00:00,10668.0
2021-09-02 15:00:00,10688.0
2021-09-03 15:00:00,10937.0
2021-09-06 15:00:00,10905.0
2021-09-07 15:00:00,10904.0
2021-09-08 15:00:00,10894.0
2021-09-09 15:00:00,10874.0
2021-09-10 15:00:00,10684.0
2021-09-13 15:00:00,10701.0
2021-09-14 15:00:00,10736.0
2021-09-15 15:00:00,10925.0
2021-09-16 15:00:00,10951.0
2021-09-17 15:00:00,10706.0
2021-09-22 15:00:00,10812.0
2021-09-23 15:00:00,11146.0
2021-09-24 15:00:00,11152.0
2021-09-27 15:00:00,11045.0
2021-09-28 15:00:00,11070.0
2021-09-29 15:00:00,11125.0
2021-09-30 15:00:00,11493.0
2021-10-08 15:00:00,12026.0
2021-10-11 15:00:00,12244.0
2021-10-12 15:00:00,12294.0
2021-10-13 15:00:00,12332.0
2021-10-14 15:00:00,12199.0
2021-10-15 15:00:00,12285.0
2021-10-18 15:00:00,12321.0
2021-10-19 15:00:00,12486.0
2021-10-20 15:00:00,12481.0
2021-10-21 15:00:00,12460.0
2021-10-22 15:00:00,12237.0
2021-10-25 15:00:00,12399.0
2021-10-26 15:00:00,12668.0
2021-10-27 15:00:00,12672.0
2021-10-28 15:00:00,12518.0
2021-10-29 15:00:00,12820.0
2021-11-01 15:00:00,12576.0
2021-11-02 15:00:00,12682.0
2021-11-03 15:00:00,12884.0
2021-11-04 15:00:00,12632.0
2021-11-05 15:00:00,12574.0
2021-11-08 15:00:00,12378.0
2021-11-09 15:00:00,12022.0
2021-11-10 15:00:00,12396.0
2021-11-11 15:00:00,12517.0
2021-11-12 15:00:00,12511.0
2021-11-15 15:00:00,12606.0
2021-11-16 15:00:00,12633.0
2021-11-17 15:00:00,12757.0
2021-11-18 15:00:00,12815.0
2021-11-19 15:00:00,12861.0
2021-11-22 15:00:00,12473.0
2021-11-23 15:00:00,12427.0
2021-11-24 15:00:00,12610.0
2021-11-25 15:00:00,12691.0
2021-11-26 15:00:00,12636.0
2021-11-29 15:00:00,12559.0
2021-11-30 15:00:00,12324.0
