id,index_code,trade_date,point,point_adj
1,GMAT.WI,12/30/2009,1000,
2,GMAT.WI,1/4/2010,1002.072378,
3,GMAT.WI,1/5/2010,1005.755876,
4,GMAT.WI,1/6/2010,1005.651765,
5,GMAT.WI,1/7/2010,1005.012543,
6,GMAT.WI,1/8/2010,1005.520494,
7,GMAT.WI,1/12/2010,1010.804463,
8,GMAT.WI,1/13/2010,1007.851477,
9,GMAT.WI,1/14/2010,1011.726232,
10,GMAT.WI,1/15/2010,1013.048158,
11,GMAT.WI,1/19/2010,1013.627267,
12,GMAT.WI,1/20/2010,1012.242283,
13,GMAT.WI,1/21/2010,1010.766159,
14,GMAT.WI,1/22/2010,1007.556975,
15,GMAT.WI,1/25/2010,1006.192364,
16,GMAT.WI,1/26/2010,1004.834185,
17,GMAT.WI,1/27/2010,1004.117152,
18,GMAT.WI,1/28/2010,1002.637818,
19,GMAT.WI,1/29/2010,1001.711411,
20,GMAT.WI,2/1/2010,1000.607825,
21,GMAT.WI,2/2/2010,1002.663177,
22,GMAT.WI,2/3/2010,1002.800223,
23,GMAT.WI,2/4/2010,1000.142239,
24,GMAT.WI,2/5/2010,997.9426862,
25,GMAT.WI,2/8/2010,997.5633874,
26,GMAT.WI,2/9/2010,998.5813233,
27,GMAT.WI,2/10/2010,998.8074618,
28,GMAT.WI,2/12/2010,1003.209619,
29,GMAT.WI,2/22/2010,1009.211057,
30,GMAT.WI,2/23/2010,1010.332123,
31,GMAT.WI,2/24/2010,1011.948657,
32,GMAT.WI,2/25/2010,1013.412975,
33,GMAT.WI,2/26/2010,1015.573086,
34,GMAT.WI,3/1/2010,1018.563492,
35,GMAT.WI,3/2/2010,1019.203727,
36,GMAT.WI,3/3/2010,1019.93901,
37,GMAT.WI,3/4/2010,1019.060759,
38,GMAT.WI,3/5/2010,1019.612235,
39,GMAT.WI,3/8/2010,1020.552514,
40,GMAT.WI,3/9/2010,1021.33204,
41,GMAT.WI,3/10/2010,1020.429284,
42,GMAT.WI,3/11/2010,1017.416199,
43,GMAT.WI,3/12/2010,1016.096877,
44,GMAT.WI,3/15/2010,1015.415185,
45,GMAT.WI,3/16/2010,1019.057232,
46,GMAT.WI,3/17/2010,1023.356959,
47,GMAT.WI,3/18/2010,1021.884876,
48,GMAT.WI,3/19/2010,1020.948131,
49,GMAT.WI,3/23/2010,1022.772247,
50,GMAT.WI,3/24/2010,1019.726639,
51,GMAT.WI,3/25/2010,1016.974917,
52,GMAT.WI,3/26/2010,1017.533424,
53,GMAT.WI,3/29/2010,1019.545907,
54,GMAT.WI,3/30/2010,1019.693879,
55,GMAT.WI,3/31/2010,1020.246005,
56,GMAT.WI,4/1/2010,1023.670398,
57,GMAT.WI,4/6/2010,1021.564794,
58,GMAT.WI,4/7/2010,1021.768976,
59,GMAT.WI,4/8/2010,1021.95192,
60,GMAT.WI,4/9/2010,1022.13316,
61,GMAT.WI,4/12/2010,1022.849924,
62,GMAT.WI,4/13/2010,1022.410557,
63,GMAT.WI,4/14/2010,1025.883551,
64,GMAT.WI,4/15/2010,1026.31529,
65,GMAT.WI,4/16/2010,1025.661432,
66,GMAT.WI,4/19/2010,1019.323624,
67,GMAT.WI,4/20/2010,1020.677312,
68,GMAT.WI,4/21/2010,1023.440889,
69,GMAT.WI,4/22/2010,1022.700099,
70,GMAT.WI,4/23/2010,1022.828567,
71,GMAT.WI,4/26/2010,1025.788761,
72,GMAT.WI,4/27/2010,1023.771385,
73,GMAT.WI,4/28/2010,1020.952796,
74,GMAT.WI,4/30/2010,1023.228777,
75,GMAT.WI,5/6/2010,1020.771284,
76,GMAT.WI,5/7/2010,1014.392588,
77,GMAT.WI,5/10/2010,1016.728941,
78,GMAT.WI,5/11/2010,1015.668666,
79,GMAT.WI,5/12/2010,1017.235586,
80,GMAT.WI,5/13/2010,1020.316633,
81,GMAT.WI,5/14/2010,1022.597881,
82,GMAT.WI,5/17/2010,1018.565939,
83,GMAT.WI,5/18/2010,1019.449685,
84,GMAT.WI,5/19/2010,1020.970131,
85,GMAT.WI,5/20/2010,1021.555016,
86,GMAT.WI,5/21/2010,1021.090693,
87,GMAT.WI,5/24/2010,1022.447789,
88,GMAT.WI,5/25/2010,1024.178007,
89,GMAT.WI,5/26/2010,1023.335555,
90,GMAT.WI,5/27/2010,1023.380906,
91,GMAT.WI,5/28/2010,1026.08147,
92,GMAT.WI,6/1/2010,1022.535498,
93,GMAT.WI,6/2/2010,1022.568792,
94,GMAT.WI,6/3/2010,1023.275698,
95,GMAT.WI,6/4/2010,1025.497275,
96,GMAT.WI,6/7/2010,1021.754103,
97,GMAT.WI,6/8/2010,1023.581619,
98,GMAT.WI,6/9/2010,1023.249777,
99,GMAT.WI,6/10/2010,1021.595875,
100,GMAT.WI,6/11/2010,1024.614645,
101,GMAT.WI,6/17/2010,1028.503508,
102,GMAT.WI,6/18/2010,1026.214207,
103,GMAT.WI,6/21/2010,1027.027594,
104,GMAT.WI,6/22/2010,1028.732676,
105,GMAT.WI,6/23/2010,1029.22551,
106,GMAT.WI,6/24/2010,1029.525312,
107,GMAT.WI,6/25/2010,1028.34813,
108,GMAT.WI,6/28/2010,1031.218003,
109,GMAT.WI,6/29/2010,1029.727398,
110,GMAT.WI,6/30/2010,1027.658728,
111,GMAT.WI,7/1/2010,1025.970866,
112,GMAT.WI,7/2/2010,1023.547133,
113,GMAT.WI,7/6/2010,1026.148499,
114,GMAT.WI,7/7/2010,1028.225187,
115,GMAT.WI,7/8/2010,1029.92832,
116,GMAT.WI,7/9/2010,1029.111181,
117,GMAT.WI,7/12/2010,1032.040424,
118,GMAT.WI,7/13/2010,1031.540386,
119,GMAT.WI,7/14/2010,1032.763648,
120,GMAT.WI,7/15/2010,1035.183286,
121,GMAT.WI,7/16/2010,1034.136694,
122,GMAT.WI,7/20/2010,1033.340489,
123,GMAT.WI,7/21/2010,1034.675324,
124,GMAT.WI,7/22/2010,1037.348829,
125,GMAT.WI,7/23/2010,1036.692697,
126,GMAT.WI,7/26/2010,1034.952305,
127,GMAT.WI,7/27/2010,1032.015428,
128,GMAT.WI,7/28/2010,1031.672906,
129,GMAT.WI,7/29/2010,1033.791912,
130,GMAT.WI,7/30/2010,1038.039122,
131,GMAT.WI,8/2/2010,1043.594494,
132,GMAT.WI,8/3/2010,1046.304459,
133,GMAT.WI,8/4/2010,1047.059275,
134,GMAT.WI,8/5/2010,1047.325953,
135,GMAT.WI,8/6/2010,1047.971669,
136,GMAT.WI,8/9/2010,1051.933771,
137,GMAT.WI,8/10/2010,1048.996712,
138,GMAT.WI,8/11/2010,1050.699337,
139,GMAT.WI,8/12/2010,1049.032563,
140,GMAT.WI,8/13/2010,1052.143324,
141,GMAT.WI,8/16/2010,1055.911203,
142,GMAT.WI,8/17/2010,1055.49676,
143,GMAT.WI,8/18/2010,1057.26902,
144,GMAT.WI,8/19/2010,1055.410727,
145,GMAT.WI,8/20/2010,1053.628151,
146,GMAT.WI,8/23/2010,1052.903814,
147,GMAT.WI,8/24/2010,1054.435534,
148,GMAT.WI,8/25/2010,1054.288812,
149,GMAT.WI,8/26/2010,1053.388907,
150,GMAT.WI,8/27/2010,1052.140808,
151,GMAT.WI,8/30/2010,1056.229205,
152,GMAT.WI,8/31/2010,1057.054101,
153,GMAT.WI,9/1/2010,1055.613297,
154,GMAT.WI,9/2/2010,1055.668984,
155,GMAT.WI,9/3/2010,1054.186392,
156,GMAT.WI,9/7/2010,1056.287317,
157,GMAT.WI,9/8/2010,1056.767618,
158,GMAT.WI,9/9/2010,1051.343328,
159,GMAT.WI,9/10/2010,1048.224471,
160,GMAT.WI,9/13/2010,1050.324214,
161,GMAT.WI,9/14/2010,1053.170934,
162,GMAT.WI,9/15/2010,1055.402744,
163,GMAT.WI,9/16/2010,1052.932041,
164,GMAT.WI,9/17/2010,1053.93689,
165,GMAT.WI,9/21/2010,1060.390116,
166,GMAT.WI,9/27/2010,1069.511279,
167,GMAT.WI,9/28/2010,1069.611107,
168,GMAT.WI,9/29/2010,1068.020258,
169,GMAT.WI,9/30/2010,1067.051831,
170,GMAT.WI,10/8/2010,1074.939966,
171,GMAT.WI,10/12/2010,1079.806332,
172,GMAT.WI,10/13/2010,1081.576284,
173,GMAT.WI,10/14/2010,1081.265641,
174,GMAT.WI,10/15/2010,1079.45803,
175,GMAT.WI,10/18/2010,1077.480512,
176,GMAT.WI,10/19/2010,1076.610276,
177,GMAT.WI,10/20/2010,1073.992212,
178,GMAT.WI,10/21/2010,1074.315848,
179,GMAT.WI,10/22/2010,1072.995356,
180,GMAT.WI,10/25/2010,1077.061844,
181,GMAT.WI,10/26/2010,1074.748452,
182,GMAT.WI,10/27/2010,1070.422601,
183,GMAT.WI,10/28/2010,1071.970258,
184,GMAT.WI,10/29/2010,1073.228454,
185,GMAT.WI,11/1/2010,1077.0008,
186,GMAT.WI,11/2/2010,1077.129545,
187,GMAT.WI,11/4/2010,1083.721199,
188,GMAT.WI,11/5/2010,1088.716142,
189,GMAT.WI,11/8/2010,1088.38264,
190,GMAT.WI,11/9/2010,1088.83646,
191,GMAT.WI,11/10/2010,1089.510111,
192,GMAT.WI,11/11/2010,1087.65119,
193,GMAT.WI,11/12/2010,1077.046347,
194,GMAT.WI,11/15/2010,1071.785627,
195,GMAT.WI,11/16/2010,1067.948009,
196,GMAT.WI,11/17/2010,1060.145672,
197,GMAT.WI,11/18/2010,1059.275775,
198,GMAT.WI,11/19/2010,1062.343484,
199,GMAT.WI,11/22/2010,1063.416853,
200,GMAT.WI,11/24/2010,1063.900556,
201,GMAT.WI,11/26/2010,1061.768745,
202,GMAT.WI,11/29/2010,1061.909462,
203,GMAT.WI,11/30/2010,1063.66509,
204,GMAT.WI,12/1/2010,1065.193805,
205,GMAT.WI,12/2/2010,1066.440327,
206,GMAT.WI,12/3/2010,1066.702227,
207,GMAT.WI,12/6/2010,1070.785506,
208,GMAT.WI,12/7/2010,1066.952396,
209,GMAT.WI,12/8/2010,1060.477822,
210,GMAT.WI,12/9/2010,1060.398244,
211,GMAT.WI,12/10/2010,1061.687692,
212,GMAT.WI,12/13/2010,1063.93232,
213,GMAT.WI,12/14/2010,1064.613172,
214,GMAT.WI,12/15/2010,1062.174841,
215,GMAT.WI,12/16/2010,1060.893717,
216,GMAT.WI,12/17/2010,1065.78502,
217,GMAT.WI,12/20/2010,1067.145846,
218,GMAT.WI,12/21/2010,1068.388731,
219,GMAT.WI,12/22/2010,1068.692371,
220,GMAT.WI,12/27/2010,1064.773321,
221,GMAT.WI,12/28/2010,1064.580414,
222,GMAT.WI,12/29/2010,1068.478425,
223,GMAT.WI,12/30/2010,1068.727331,
224,GMAT.WI,1/4/2011,1073.711813,
225,GMAT.WI,1/5/2011,1068.14013,
226,GMAT.WI,1/6/2011,1068.74411,
227,GMAT.WI,1/7/2011,1067.427908,
228,GMAT.WI,1/11/2011,1069.201484,
229,GMAT.WI,1/12/2011,1072.69565,
230,GMAT.WI,1/13/2011,1073.68919,
231,GMAT.WI,1/14/2011,1072.74096,
232,GMAT.WI,1/18/2011,1070.58745,
233,GMAT.WI,1/19/2011,1071.270748,
234,GMAT.WI,1/20/2011,1065.770485,
235,GMAT.WI,1/21/2011,1064.968598,
236,GMAT.WI,1/24/2011,1065.809264,
237,GMAT.WI,1/25/2011,1063.969847,
238,GMAT.WI,1/26/2011,1064.053996,
239,GMAT.WI,1/27/2011,1067.07496,
240,GMAT.WI,1/28/2011,1067.03885,
241,GMAT.WI,1/31/2011,1071.051114,
242,GMAT.WI,2/1/2011,1072.866649,
243,GMAT.WI,2/9/2011,1071.544306,
244,GMAT.WI,2/10/2011,1073.072718,
245,GMAT.WI,2/14/2011,1076.624225,
246,GMAT.WI,2/15/2011,1076.671438,
247,GMAT.WI,2/16/2011,1076.286562,
248,GMAT.WI,2/17/2011,1077.810675,
249,GMAT.WI,2/18/2011,1078.092929,
250,GMAT.WI,2/22/2011,1078.37397,
251,GMAT.WI,2/23/2011,1073.736215,
252,GMAT.WI,2/24/2011,1072.95924,
253,GMAT.WI,2/25/2011,1074.876774,
254,GMAT.WI,2/28/2011,1080.042581,
255,GMAT.WI,3/1/2011,1080.267653,
256,GMAT.WI,3/2/2011,1079.61499,
257,GMAT.WI,3/3/2011,1078.085757,
258,GMAT.WI,3/4/2011,1080.987922,
259,GMAT.WI,3/7/2011,1081.354741,
260,GMAT.WI,3/8/2011,1078.77546,
261,GMAT.WI,3/9/2011,1078.791466,
262,GMAT.WI,3/10/2011,1073.980459,
263,GMAT.WI,3/11/2011,1070.79137,
264,GMAT.WI,3/14/2011,1067.353177,
265,GMAT.WI,3/15/2011,1058.800603,
266,GMAT.WI,3/16/2011,1060.277588,
267,GMAT.WI,3/17/2011,1061.799336,
268,GMAT.WI,3/18/2011,1064.883397,
269,GMAT.WI,3/22/2011,1066.915005,
270,GMAT.WI,3/23/2011,1068.579423,
271,GMAT.WI,3/24/2011,1070.748075,
272,GMAT.WI,3/25/2011,1071.192704,
273,GMAT.WI,3/28/2011,1068.998592,
274,GMAT.WI,3/29/2011,1068.743636,
275,GMAT.WI,3/30/2011,1071.888319,
276,GMAT.WI,3/31/2011,1071.888917,
277,GMAT.WI,4/1/2011,1074.385529,
278,GMAT.WI,4/6/2011,1075.664854,
279,GMAT.WI,4/7/2011,1077.356963,
280,GMAT.WI,4/8/2011,1079.878141,
281,GMAT.WI,4/11/2011,1079.8058,
282,GMAT.WI,4/12/2011,1075.628271,
283,GMAT.WI,4/13/2011,1077.128672,
284,GMAT.WI,4/14/2011,1077.040787,
285,GMAT.WI,4/15/2011,1078.177474,
286,GMAT.WI,4/18/2011,1075.712483,
287,GMAT.WI,4/19/2011,1074.519131,
288,GMAT.WI,4/20/2011,1080.371776,
289,GMAT.WI,4/21/2011,1083.53731,
290,GMAT.WI,4/26/2011,1082.243199,
291,GMAT.WI,4/27/2011,1084.100235,
292,GMAT.WI,4/28/2011,1086.151905,
293,GMAT.WI,5/6/2011,1075.952735,
294,GMAT.WI,5/9/2011,1077.902587,
295,GMAT.WI,5/10/2011,1080.098924,
296,GMAT.WI,5/11/2011,1079.531373,
297,GMAT.WI,5/12/2011,1076.42888,
298,GMAT.WI,5/13/2011,1077.832698,
299,GMAT.WI,5/16/2011,1075.966817,
300,GMAT.WI,5/17/2011,1074.953969,
301,GMAT.WI,5/18/2011,1077.085381,
302,GMAT.WI,5/19/2011,1077.826234,
303,GMAT.WI,5/20/2011,1077.912396,
304,GMAT.WI,5/23/2011,1073.999736,
305,GMAT.WI,5/24/2011,1074.432584,
306,GMAT.WI,5/25/2011,1076.157806,
307,GMAT.WI,5/26/2011,1078.484981,
308,GMAT.WI,5/27/2011,1078.780762,
309,GMAT.WI,5/31/2011,1082.688024,
310,GMAT.WI,6/1/2011,1081.245473,
311,GMAT.WI,6/2/2011,1078.999593,
312,GMAT.WI,6/3/2011,1078.710222,
313,GMAT.WI,6/7/2011,1076.573619,
314,GMAT.WI,6/8/2011,1076.693104,
315,GMAT.WI,6/9/2011,1078.474458,
316,GMAT.WI,6/10/2011,1078.771799,
317,GMAT.WI,6/13/2011,1077.497303,
318,GMAT.WI,6/14/2011,1076.469319,
319,GMAT.WI,6/15/2011,1076.242672,
320,GMAT.WI,6/16/2011,1078.163677,
321,GMAT.WI,6/17/2011,1076.730316,
322,GMAT.WI,6/20/2011,1079.576114,
323,GMAT.WI,6/21/2011,1080.947008,
324,GMAT.WI,6/22/2011,1081.37689,
325,GMAT.WI,6/23/2011,1082.364232,
326,GMAT.WI,6/24/2011,1083.85222,
327,GMAT.WI,6/27/2011,1081.137281,
328,GMAT.WI,6/28/2011,1080.058637,
329,GMAT.WI,6/29/2011,1080.666448,
330,GMAT.WI,6/30/2011,1080.861678,
331,GMAT.WI,7/1/2011,1081.09308,
332,GMAT.WI,7/5/2011,1084.08688,
333,GMAT.WI,7/6/2011,1087.133888,
334,GMAT.WI,7/7/2011,1087.052006,
335,GMAT.WI,7/8/2011,1093.481826,
336,GMAT.WI,7/11/2011,1096.796727,
337,GMAT.WI,7/12/2011,1095.349712,
338,GMAT.WI,7/13/2011,1098.587737,
339,GMAT.WI,7/14/2011,1099.750097,
340,GMAT.WI,7/15/2011,1101.292009,
341,GMAT.WI,7/19/2011,1099.793139,
342,GMAT.WI,7/20/2011,1096.817912,
343,GMAT.WI,7/21/2011,1093.83947,
344,GMAT.WI,7/22/2011,1096.242605,
345,GMAT.WI,7/25/2011,1096.853784,
346,GMAT.WI,7/26/2011,1097.723657,
347,GMAT.WI,7/27/2011,1098.737178,
348,GMAT.WI,7/28/2011,1097.971575,
349,GMAT.WI,7/29/2011,1101.234455,
350,GMAT.WI,8/1/2011,1101.784392,
351,GMAT.WI,8/2/2011,1101.038131,
352,GMAT.WI,8/3/2011,1098.126575,
353,GMAT.WI,8/4/2011,1097.740022,
354,GMAT.WI,8/5/2011,1091.004276,
355,GMAT.WI,8/8/2011,1087.674124,
356,GMAT.WI,8/9/2011,1088.587058,
357,GMAT.WI,8/10/2011,1095.492479,
358,GMAT.WI,8/11/2011,1098.511612,
359,GMAT.WI,8/12/2011,1099.205358,
360,GMAT.WI,8/15/2011,1101.224867,
361,GMAT.WI,8/16/2011,1101.75644,
362,GMAT.WI,8/17/2011,1104.165306,
363,GMAT.WI,8/18/2011,1104.764265,
364,GMAT.WI,8/19/2011,1103.816711,
365,GMAT.WI,8/22/2011,1106.367911,
366,GMAT.WI,8/23/2011,1109.560285,
367,GMAT.WI,8/24/2011,1106.107452,
368,GMAT.WI,8/25/2011,1102.675353,
369,GMAT.WI,8/26/2011,1105.003858,
370,GMAT.WI,8/29/2011,1107.445085,
371,GMAT.WI,8/30/2011,1110.489483,
372,GMAT.WI,8/31/2011,1111.374114,
373,GMAT.WI,9/1/2011,1111.336135,
374,GMAT.WI,9/2/2011,1111.78331,
375,GMAT.WI,9/6/2011,1116.680958,
376,GMAT.WI,9/7/2011,1115.419816,
377,GMAT.WI,9/8/2011,1114.841249,
378,GMAT.WI,9/9/2011,1117.348583,
379,GMAT.WI,9/13/2011,1112.827347,
380,GMAT.WI,9/14/2011,1110.845053,
381,GMAT.WI,9/15/2011,1107.607726,
382,GMAT.WI,9/16/2011,1106.645039,
383,GMAT.WI,9/20/2011,1104.242926,
384,GMAT.WI,9/21/2011,1102.990179,
385,GMAT.WI,9/22/2011,1098.423153,
386,GMAT.WI,9/26/2011,1086.257576,
387,GMAT.WI,9/27/2011,1083.557393,
388,GMAT.WI,9/28/2011,1079.624906,
389,GMAT.WI,9/29/2011,1073.937572,
390,GMAT.WI,9/30/2011,1077.069203,
391,GMAT.WI,10/11/2011,1080.455414,
392,GMAT.WI,10/12/2011,1078.194847,
393,GMAT.WI,10/13/2011,1079.457188,
394,GMAT.WI,10/14/2011,1080.059548,
395,GMAT.WI,10/17/2011,1080.106001,
396,GMAT.WI,10/18/2011,1080.021624,
397,GMAT.WI,10/19/2011,1077.160085,
398,GMAT.WI,10/20/2011,1072.419053,
399,GMAT.WI,10/21/2011,1074.060837,
400,GMAT.WI,10/24/2011,1078.196417,
401,GMAT.WI,10/25/2011,1080.463891,
402,GMAT.WI,10/26/2011,1081.040241,
403,GMAT.WI,10/27/2011,1081.492068,
404,GMAT.WI,10/28/2011,1084.200384,
405,GMAT.WI,10/31/2011,1085.745191,
406,GMAT.WI,11/1/2011,1088.417492,
407,GMAT.WI,11/2/2011,1087.873475,
408,GMAT.WI,11/4/2011,1092.384442,
409,GMAT.WI,11/7/2011,1092.858677,
410,GMAT.WI,11/8/2011,1093.843346,
411,GMAT.WI,11/9/2011,1095.140739,
412,GMAT.WI,11/10/2011,1093.611366,
413,GMAT.WI,11/11/2011,1092.904126,
414,GMAT.WI,11/14/2011,1097.203739,
415,GMAT.WI,11/15/2011,1095.705278,
416,GMAT.WI,11/16/2011,1094.451346,
417,GMAT.WI,11/17/2011,1091.643521,
418,GMAT.WI,11/18/2011,1087.894554,
419,GMAT.WI,11/21/2011,1087.102117,
420,GMAT.WI,11/22/2011,1086.724226,
421,GMAT.WI,11/25/2011,1080.10781,
422,GMAT.WI,11/28/2011,1083.646309,
423,GMAT.WI,11/29/2011,1084.285206,
424,GMAT.WI,11/30/2011,1087.895038,
425,GMAT.WI,12/1/2011,1094.113645,
426,GMAT.WI,12/2/2011,1097.32014,
427,GMAT.WI,12/5/2011,1097.488228,
428,GMAT.WI,12/6/2011,1095.814885,
429,GMAT.WI,12/7/2011,1098.375481,
430,GMAT.WI,12/8/2011,1098.861653,
431,GMAT.WI,12/9/2011,1097.983278,
432,GMAT.WI,12/12/2011,1097.360845,
433,GMAT.WI,12/13/2011,1096.404178,
434,GMAT.WI,12/14/2011,1095.003898,
435,GMAT.WI,12/15/2011,1092.417744,
436,GMAT.WI,12/16/2011,1094.838056,
437,GMAT.WI,12/19/2011,1095.002951,
438,GMAT.WI,12/20/2011,1095.785701,
439,GMAT.WI,12/21/2011,1096.624435,
440,GMAT.WI,12/22/2011,1096.920953,
441,GMAT.WI,12/27/2011,1098.01754,
442,GMAT.WI,12/28/2011,1097.392044,
443,GMAT.WI,12/29/2011,1097.604258,
444,GMAT.WI,12/30/2011,1099.637179,
445,GMAT.WI,1/4/2012,1101.388262,
446,GMAT.WI,1/5/2012,1101.210211,
447,GMAT.WI,1/6/2012,1102.489821,
448,GMAT.WI,1/10/2012,1104.330797,
449,GMAT.WI,1/11/2012,1106.252481,
450,GMAT.WI,1/12/2012,1105.731054,
451,GMAT.WI,1/13/2012,1106.270089,
452,GMAT.WI,1/17/2012,1107.589729,
453,GMAT.WI,1/18/2012,1107.574219,
454,GMAT.WI,1/19/2012,1107.146288,
455,GMAT.WI,1/20/2012,1105.65212,
456,GMAT.WI,1/30/2012,1113.287499,
457,GMAT.WI,1/31/2012,1112.289016,
458,GMAT.WI,2/1/2012,1112.104826,
459,GMAT.WI,2/2/2012,1112.77346,
460,GMAT.WI,2/3/2012,1112.391198,
461,GMAT.WI,2/6/2012,1112.028783,
462,GMAT.WI,2/7/2012,1110.588977,
463,GMAT.WI,2/8/2012,1110.491096,
464,GMAT.WI,2/9/2012,1109.322973,
465,GMAT.WI,2/10/2012,1110.364141,
466,GMAT.WI,2/13/2012,1110.56876,
467,GMAT.WI,2/14/2012,1111.510209,
468,GMAT.WI,2/15/2012,1113.866305,
469,GMAT.WI,2/16/2012,1112.74549,
470,GMAT.WI,2/17/2012,1113.917456,
471,GMAT.WI,2/21/2012,1114.288626,
472,GMAT.WI,2/22/2012,1115.68313,
473,GMAT.WI,2/23/2012,1116.875116,
474,GMAT.WI,2/24/2012,1118.005821,
475,GMAT.WI,2/27/2012,1119.116329,
476,GMAT.WI,2/28/2012,1120.473941,
477,GMAT.WI,2/29/2012,1119.959203,
478,GMAT.WI,3/1/2012,1118.164373,
479,GMAT.WI,3/2/2012,1119.46363,
480,GMAT.WI,3/5/2012,1116.873898,
481,GMAT.WI,3/6/2012,1115.200048,
482,GMAT.WI,3/7/2012,1115.456706,
483,GMAT.WI,3/8/2012,1116.59946,
484,GMAT.WI,3/9/2012,1118.878512,
485,GMAT.WI,3/12/2012,1119.821991,
486,GMAT.WI,3/13/2012,1120.554956,
487,GMAT.WI,3/14/2012,1115.752011,
488,GMAT.WI,3/15/2012,1111.954681,
489,GMAT.WI,3/16/2012,1112.255689,
490,GMAT.WI,3/19/2012,1112.685959,
491,GMAT.WI,3/21/2012,1112.259614,
492,GMAT.WI,3/22/2012,1112.496722,
493,GMAT.WI,3/23/2012,1114.501294,
494,GMAT.WI,3/26/2012,1116.370943,
495,GMAT.WI,3/27/2012,1119.11922,
496,GMAT.WI,3/28/2012,1118.445793,
497,GMAT.WI,3/29/2012,1117.114541,
498,GMAT.WI,3/30/2012,1116.777958,
499,GMAT.WI,4/5/2012,1117.758774,
500,GMAT.WI,4/10/2012,1121.015346,
501,GMAT.WI,4/11/2012,1118.247109,
502,GMAT.WI,4/12/2012,1119.736968,
503,GMAT.WI,4/13/2012,1121.060595,
504,GMAT.WI,4/16/2012,1119.069451,
505,GMAT.WI,4/17/2012,1120.540819,
506,GMAT.WI,4/18/2012,1121.345402,
507,GMAT.WI,4/19/2012,1120.875669,
508,GMAT.WI,4/20/2012,1121.609814,
509,GMAT.WI,4/23/2012,1123.228496,
510,GMAT.WI,4/24/2012,1121.316183,
511,GMAT.WI,4/25/2012,1123.123625,
512,GMAT.WI,4/26/2012,1125.03227,
513,GMAT.WI,4/27/2012,1126.856843,
514,GMAT.WI,5/2/2012,1126.836682,
515,GMAT.WI,5/7/2012,1122.085509,
516,GMAT.WI,5/8/2012,1121.747043,
517,GMAT.WI,5/9/2012,1120.509385,
518,GMAT.WI,5/10/2012,1120.635977,
519,GMAT.WI,5/11/2012,1121.190694,
520,GMAT.WI,5/14/2012,1119.171507,
521,GMAT.WI,5/15/2012,1121.354318,
522,GMAT.WI,5/16/2012,1119.602554,
523,GMAT.WI,5/17/2012,1118.726368,
524,GMAT.WI,5/18/2012,1118.082186,
525,GMAT.WI,5/21/2012,1118.568092,
526,GMAT.WI,5/22/2012,1118.456181,
527,GMAT.WI,5/23/2012,1116.81952,
528,GMAT.WI,5/24/2012,1118.908949,
529,GMAT.WI,5/25/2012,1120.76354,
530,GMAT.WI,5/29/2012,1123.462056,
531,GMAT.WI,5/30/2012,1122.702373,
532,GMAT.WI,5/31/2012,1123.168882,
533,GMAT.WI,6/1/2012,1120.729453,
534,GMAT.WI,6/4/2012,1116.13405,
535,GMAT.WI,6/5/2012,1115.769312,
536,GMAT.WI,6/6/2012,1117.395236,
537,GMAT.WI,6/7/2012,1118.417592,
538,GMAT.WI,6/8/2012,1119.970615,
539,GMAT.WI,6/11/2012,1120.995073,
540,GMAT.WI,6/12/2012,1118.301811,
541,GMAT.WI,6/13/2012,1116.481556,
542,GMAT.WI,6/14/2012,1116.547694,
543,GMAT.WI,6/15/2012,1120.013157,
544,GMAT.WI,6/18/2012,1122.86391,
545,GMAT.WI,6/19/2012,1123.384682,
546,GMAT.WI,6/20/2012,1121.962147,
547,GMAT.WI,6/21/2012,1123.005984,
548,GMAT.WI,6/25/2012,1123.038322,
549,GMAT.WI,6/26/2012,1121.783381,
550,GMAT.WI,6/27/2012,1123.076535,
551,GMAT.WI,6/28/2012,1123.442434,
552,GMAT.WI,6/29/2012,1124.805812,
553,GMAT.WI,7/2/2012,1128.616157,
554,GMAT.WI,7/3/2012,1130.106982,
555,GMAT.WI,7/5/2012,1135.939963,
556,GMAT.WI,7/6/2012,1138.69111,
557,GMAT.WI,7/9/2012,1139.117425,
558,GMAT.WI,7/10/2012,1139.837819,
559,GMAT.WI,7/11/2012,1141.723475,
560,GMAT.WI,7/12/2012,1140.987865,
561,GMAT.WI,7/13/2012,1143.543924,
562,GMAT.WI,7/17/2012,1146.285645,
563,GMAT.WI,7/18/2012,1149.242111,
564,GMAT.WI,7/19/2012,1151.239065,
565,GMAT.WI,7/20/2012,1151.586634,
566,GMAT.WI,7/23/2012,1146.614478,
567,GMAT.WI,7/24/2012,1142.754217,
568,GMAT.WI,7/25/2012,1141.071013,
569,GMAT.WI,7/26/2012,1140.844205,
570,GMAT.WI,7/27/2012,1140.353787,
571,GMAT.WI,7/30/2012,1144.674073,
572,GMAT.WI,7/31/2012,1145.530268,
573,GMAT.WI,8/1/2012,1144.661713,
574,GMAT.WI,8/2/2012,1144.154526,
575,GMAT.WI,8/3/2012,1143.039683,
576,GMAT.WI,8/6/2012,1144.72541,
577,GMAT.WI,8/7/2012,1141.866877,
578,GMAT.WI,8/8/2012,1140.913732,
579,GMAT.WI,8/9/2012,1143.177123,
580,GMAT.WI,8/10/2012,1145.251552,
581,GMAT.WI,8/13/2012,1142.990395,
582,GMAT.WI,8/14/2012,1140.673571,
583,GMAT.WI,8/15/2012,1137.351802,
584,GMAT.WI,8/16/2012,1138.277683,
585,GMAT.WI,8/17/2012,1142.083566,
586,GMAT.WI,8/20/2012,1140.591593,
587,GMAT.WI,8/21/2012,1141.684535,
588,GMAT.WI,8/22/2012,1144.451991,
589,GMAT.WI,8/23/2012,1147.809634,
590,GMAT.WI,8/24/2012,1149.801841,
591,GMAT.WI,8/27/2012,1151.863468,
592,GMAT.WI,8/28/2012,1150.191387,
593,GMAT.WI,8/29/2012,1150.122693,
594,GMAT.WI,8/30/2012,1150.276474,
595,GMAT.WI,8/31/2012,1151.66147,
596,GMAT.WI,9/4/2012,1153.0738,
597,GMAT.WI,9/5/2012,1151.492443,
598,GMAT.WI,9/6/2012,1148.740143,
599,GMAT.WI,9/7/2012,1149.383438,
600,GMAT.WI,9/10/2012,1150.723984,
601,GMAT.WI,9/11/2012,1150.662174,
602,GMAT.WI,9/12/2012,1148.671336,
603,GMAT.WI,9/13/2012,1151.42213,
604,GMAT.WI,9/14/2012,1152.291796,
605,GMAT.WI,9/18/2012,1148.023598,
606,GMAT.WI,9/19/2012,1148.347495,
607,GMAT.WI,9/20/2012,1150.042532,
608,GMAT.WI,9/21/2012,1150.750428,
609,GMAT.WI,9/24/2012,1148.633121,
610,GMAT.WI,9/25/2012,1149.503199,
611,GMAT.WI,9/26/2012,1152.092571,
612,GMAT.WI,9/27/2012,1152.601776,
613,GMAT.WI,9/28/2012,1154.080227,
614,GMAT.WI,10/9/2012,1150.100495,
615,GMAT.WI,10/10/2012,1147.445589,
616,GMAT.WI,10/11/2012,1148.675823,
617,GMAT.WI,10/12/2012,1149.204493,
618,GMAT.WI,10/15/2012,1146.760972,
619,GMAT.WI,10/16/2012,1145.545123,
620,GMAT.WI,10/17/2012,1142.441949,
621,GMAT.WI,10/18/2012,1142.023531,
622,GMAT.WI,10/19/2012,1141.133666,
623,GMAT.WI,10/22/2012,1139.216603,
624,GMAT.WI,10/23/2012,1137.961543,
625,GMAT.WI,10/24/2012,1138.35616,
626,GMAT.WI,10/25/2012,1136.044491,
627,GMAT.WI,10/26/2012,1138.012759,
628,GMAT.WI,10/29/2012,1139.876833,
629,GMAT.WI,10/30/2012,1139.58556,
630,GMAT.WI,10/31/2012,1140.544039,
631,GMAT.WI,11/1/2012,1142.87073,
632,GMAT.WI,11/2/2012,1142.252331,
633,GMAT.WI,11/5/2012,1141.424987,
634,GMAT.WI,11/6/2012,1142.144614,
635,GMAT.WI,11/7/2012,1144.27559,
636,GMAT.WI,11/8/2012,1143.224684,
637,GMAT.WI,11/9/2012,1144.401091,
638,GMAT.WI,11/12/2012,1142.677465,
639,GMAT.WI,11/13/2012,1140.927553,
640,GMAT.WI,11/14/2012,1140.553185,
641,GMAT.WI,11/15/2012,1139.360588,
642,GMAT.WI,11/16/2012,1139.574693,
643,GMAT.WI,11/19/2012,1141.510912,
644,GMAT.WI,11/20/2012,1140.455868,
645,GMAT.WI,11/21/2012,1138.864983,
646,GMAT.WI,11/26/2012,1141.677231,
647,GMAT.WI,11/27/2012,1139.995709,
648,GMAT.WI,11/28/2012,1141.734613,
649,GMAT.WI,11/29/2012,1141.228568,
650,GMAT.WI,11/30/2012,1142.977372,
651,GMAT.WI,12/3/2012,1141.488984,
652,GMAT.WI,12/4/2012,1141.624144,
653,GMAT.WI,12/5/2012,1145.460645,
654,GMAT.WI,12/6/2012,1149.32435,
655,GMAT.WI,12/7/2012,1149.192654,
656,GMAT.WI,12/10/2012,1150.403457,
657,GMAT.WI,12/11/2012,1151.134439,
658,GMAT.WI,12/12/2012,1150.893418,
659,GMAT.WI,12/13/2012,1148.059144,
660,GMAT.WI,12/14/2012,1148.48231,
661,GMAT.WI,12/17/2012,1148.908981,
662,GMAT.WI,12/18/2012,1147.966224,
663,GMAT.WI,12/19/2012,1147.245566,
664,GMAT.WI,12/20/2012,1145.453414,
665,GMAT.WI,12/21/2012,1143.853671,
666,GMAT.WI,12/27/2012,1146.895387,
667,GMAT.WI,12/28/2012,1147.940025,
668,GMAT.WI,1/4/2013,1143.903491,
669,GMAT.WI,1/7/2013,1144.747414,
670,GMAT.WI,1/8/2013,1144.772249,
671,GMAT.WI,1/9/2013,1146.676246,
672,GMAT.WI,1/10/2013,1146.100748,
673,GMAT.WI,1/11/2013,1147.097397,
674,GMAT.WI,1/15/2013,1152.10794,
675,GMAT.WI,1/16/2013,1151.917842,
676,GMAT.WI,1/17/2013,1150.570465,
677,GMAT.WI,1/18/2013,1154.227251,
678,GMAT.WI,1/22/2013,1155.348554,
679,GMAT.WI,1/23/2013,1154.760144,
680,GMAT.WI,1/24/2013,1153.704939,
681,GMAT.WI,1/25/2013,1153.10118,
682,GMAT.WI,1/28/2013,1151.184203,
683,GMAT.WI,1/29/2013,1153.145899,
684,GMAT.WI,1/30/2013,1154.694109,
685,GMAT.WI,1/31/2013,1158.195221,
686,GMAT.WI,2/1/2013,1159.025878,
687,GMAT.WI,2/4/2013,1158.426397,
688,GMAT.WI,2/5/2013,1157.635519,
689,GMAT.WI,2/6/2013,1159.200142,
690,GMAT.WI,2/7/2013,1158.551268,
691,GMAT.WI,2/8/2013,1159.661788,
692,GMAT.WI,2/19/2013,1156.45157,
693,GMAT.WI,2/20/2013,1156.109833,
694,GMAT.WI,2/21/2013,1146.005566,
695,GMAT.WI,2/22/2013,1149.490023,
696,GMAT.WI,2/25/2013,1150.24178,
697,GMAT.WI,2/26/2013,1146.906543,
698,GMAT.WI,2/27/2013,1149.833681,
699,GMAT.WI,2/28/2013,1154.190401,
700,GMAT.WI,3/1/2013,1152.253365,
701,GMAT.WI,3/4/2013,1148.311829,
702,GMAT.WI,3/5/2013,1152.430673,
703,GMAT.WI,3/6/2013,1154.543398,
704,GMAT.WI,3/7/2013,1151.464667,
705,GMAT.WI,3/8/2013,1153.050206,
706,GMAT.WI,3/11/2013,1152.69129,
707,GMAT.WI,3/12/2013,1151.159166,
708,GMAT.WI,3/13/2013,1149.735394,
709,GMAT.WI,3/14/2013,1149.055201,
710,GMAT.WI,3/15/2013,1152.602078,
711,GMAT.WI,3/18/2013,1148.493147,
712,GMAT.WI,3/19/2013,1150.350479,
713,GMAT.WI,3/21/2013,1156.737968,
714,GMAT.WI,3/22/2013,1156.622856,
715,GMAT.WI,3/25/2013,1157.515192,
716,GMAT.WI,3/26/2013,1156.535621,
717,GMAT.WI,3/27/2013,1158.544775,
718,GMAT.WI,3/28/2013,1155.083554,
719,GMAT.WI,4/2/2013,1147.812025,
720,GMAT.WI,4/3/2013,1148.846458,
721,GMAT.WI,4/8/2013,1146.372952,
722,GMAT.WI,4/9/2013,1148.370277,
723,GMAT.WI,4/10/2013,1148.176071,
724,GMAT.WI,4/11/2013,1151.462817,
725,GMAT.WI,4/12/2013,1146.17341,
726,GMAT.WI,4/15/2013,1140.001421,
727,GMAT.WI,4/16/2013,1142.119322,
728,GMAT.WI,4/17/2013,1140.273694,
729,GMAT.WI,4/18/2013,1139.748715,
730,GMAT.WI,4/19/2013,1142.937609,
731,GMAT.WI,4/22/2013,1144.695124,
732,GMAT.WI,4/23/2013,1144.578743,
733,GMAT.WI,4/24/2013,1149.228156,
734,GMAT.WI,4/25/2013,1151.575498,
735,GMAT.WI,4/26/2013,1150.896615,
736,GMAT.WI,5/2/2013,1155.403983,
737,GMAT.WI,5/7/2013,1158.123115,
738,GMAT.WI,5/8/2013,1161.492716,
739,GMAT.WI,5/9/2013,1161.197965,
740,GMAT.WI,5/10/2013,1157.146943,
741,GMAT.WI,5/13/2013,1155.58717,
742,GMAT.WI,5/14/2013,1153.287317,
743,GMAT.WI,5/15/2013,1154.661165,
744,GMAT.WI,5/16/2013,1159.579127,
745,GMAT.WI,5/17/2013,1162.588249,
746,GMAT.WI,5/20/2013,1162.01977,
747,GMAT.WI,5/21/2013,1161.692171,
748,GMAT.WI,5/22/2013,1161.097844,
749,GMAT.WI,5/23/2013,1157.252929,
750,GMAT.WI,5/24/2013,1157.680724,
751,GMAT.WI,5/28/2013,1154.810784,
752,GMAT.WI,5/29/2013,1151.223671,
753,GMAT.WI,5/30/2013,1151.736991,
754,GMAT.WI,5/31/2013,1150.432627,
755,GMAT.WI,6/3/2013,1150.688749,
756,GMAT.WI,6/4/2013,1148.134397,
757,GMAT.WI,6/5/2013,1146.516164,
758,GMAT.WI,6/6/2013,1143.087155,
759,GMAT.WI,6/7/2013,1141.354094,
760,GMAT.WI,6/13/2013,1136.597376,
761,GMAT.WI,6/14/2013,1140.084287,
762,GMAT.WI,6/17/2013,1142.046692,
763,GMAT.WI,6/18/2013,1140.079944,
764,GMAT.WI,6/19/2013,1136.455531,
765,GMAT.WI,6/20/2013,1118.335905,
766,GMAT.WI,6/21/2013,1111.656928,
767,GMAT.WI,6/24/2013,1100.549891,
768,GMAT.WI,6/25/2013,1103.550423,
769,GMAT.WI,6/26/2013,1113.031181,
770,GMAT.WI,6/27/2013,1119.726075,
771,GMAT.WI,6/28/2013,1121.908872,
772,GMAT.WI,7/1/2013,1124.122243,
773,GMAT.WI,7/2/2013,1127.77261,
774,GMAT.WI,7/3/2013,1128.679209,
775,GMAT.WI,7/5/2013,1132.342917,
776,GMAT.WI,7/8/2013,1130.930657,
777,GMAT.WI,7/9/2013,1135.449197,
778,GMAT.WI,7/10/2013,1137.111589,
779,GMAT.WI,7/11/2013,1140.777196,
780,GMAT.WI,7/12/2013,1142.145569,
781,GMAT.WI,7/16/2013,1143.442029,
782,GMAT.WI,7/17/2013,1145.146241,
783,GMAT.WI,7/18/2013,1146.967912,
784,GMAT.WI,7/19/2013,1146.308591,
785,GMAT.WI,7/22/2013,1144.898636,
786,GMAT.WI,7/23/2013,1145.124397,
787,GMAT.WI,7/24/2013,1140.093351,
788,GMAT.WI,7/25/2013,1138.497416,
789,GMAT.WI,7/26/2013,1136.773869,
790,GMAT.WI,7/29/2013,1132.864273,
791,GMAT.WI,7/30/2013,1133.307917,
792,GMAT.WI,7/31/2013,1133.938253,
793,GMAT.WI,8/1/2013,1139.437409,
794,GMAT.WI,8/2/2013,1141.129926,
795,GMAT.WI,8/5/2013,1139.844215,
796,GMAT.WI,8/6/2013,1138.908495,
797,GMAT.WI,8/7/2013,1137.525221,
798,GMAT.WI,8/8/2013,1138.531022,
799,GMAT.WI,8/9/2013,1140.441297,
800,GMAT.WI,8/12/2013,1142.882347,
801,GMAT.WI,8/13/2013,1143.817776,
802,GMAT.WI,8/14/2013,1144.023671,
803,GMAT.WI,8/15/2013,1140.6058,
804,GMAT.WI,8/16/2013,1139.003118,
805,GMAT.WI,8/19/2013,1139.462595,
806,GMAT.WI,8/20/2013,1139.646929,
807,GMAT.WI,8/21/2013,1137.063808,
808,GMAT.WI,8/22/2013,1137.324907,
809,GMAT.WI,8/23/2013,1138.20863,
810,GMAT.WI,8/26/2013,1143.536365,
811,GMAT.WI,8/27/2013,1145.933252,
812,GMAT.WI,8/28/2013,1145.096249,
813,GMAT.WI,8/29/2013,1144.397565,
814,GMAT.WI,8/30/2013,1141.305741,
815,GMAT.WI,9/3/2013,1143.390624,
816,GMAT.WI,9/4/2013,1141.655876,
817,GMAT.WI,9/5/2013,1137.903952,
818,GMAT.WI,9/6/2013,1143.859047,
819,GMAT.WI,9/9/2013,1148.755888,
820,GMAT.WI,9/10/2013,1148.242357,
821,GMAT.WI,9/11/2013,1150.399761,
822,GMAT.WI,9/12/2013,1153.122127,
823,GMAT.WI,9/13/2013,1154.507513,
824,GMAT.WI,9/17/2013,1153.572607,
825,GMAT.WI,9/18/2013,1157.571766,
826,GMAT.WI,9/24/2013,1161.354633,
827,GMAT.WI,9/25/2013,1161.144318,
828,GMAT.WI,9/26/2013,1160.8359,
829,GMAT.WI,9/27/2013,1163.060156,
830,GMAT.WI,9/30/2013,1162.548868,
831,GMAT.WI,10/8/2013,1161.423046,
832,GMAT.WI,10/9/2013,1160.894271,
833,GMAT.WI,10/10/2013,1162.801456,
834,GMAT.WI,10/11/2013,1164.825311,
835,GMAT.WI,10/15/2013,1162.682921,
836,GMAT.WI,10/16/2013,1162.980593,
837,GMAT.WI,10/17/2013,1165.553996,
838,GMAT.WI,10/18/2013,1167.945823,
839,GMAT.WI,10/21/2013,1168.400758,
840,GMAT.WI,10/22/2013,1171.290356,
841,GMAT.WI,10/23/2013,1168.266229,
842,GMAT.WI,10/24/2013,1168.172892,
843,GMAT.WI,10/25/2013,1167.286581,
844,GMAT.WI,10/28/2013,1167.418138,
845,GMAT.WI,10/29/2013,1167.63131,
846,GMAT.WI,10/30/2013,1169.443903,
847,GMAT.WI,10/31/2013,1168.49746,
848,GMAT.WI,11/1/2013,1166.354091,
849,GMAT.WI,11/5/2013,1164.730039,
850,GMAT.WI,11/6/2013,1166.251057,
851,GMAT.WI,11/7/2013,1167.163137,
852,GMAT.WI,11/8/2013,1165.020209,
853,GMAT.WI,11/11/2013,1167.535237,
854,GMAT.WI,11/12/2013,1165.992167,
855,GMAT.WI,11/13/2013,1166.794101,
856,GMAT.WI,11/14/2013,1169.68238,
857,GMAT.WI,11/15/2013,1171.305763,
858,GMAT.WI,11/18/2013,1173.208277,
859,GMAT.WI,11/19/2013,1171.900403,
860,GMAT.WI,11/20/2013,1173.352233,
861,GMAT.WI,11/21/2013,1174.284213,
862,GMAT.WI,11/22/2013,1173.878089,
863,GMAT.WI,11/25/2013,1175.512863,
864,GMAT.WI,11/26/2013,1176.678718,
865,GMAT.WI,11/27/2013,1177.98542,
866,GMAT.WI,11/29/2013,1180.912082,
867,GMAT.WI,12/2/2013,1178.117199,
868,GMAT.WI,12/3/2013,1178.254446,
869,GMAT.WI,12/4/2013,1176.563779,
870,GMAT.WI,12/5/2013,1173.006073,
871,GMAT.WI,12/6/2013,1172.914062,
872,GMAT.WI,12/9/2013,1175.443011,
873,GMAT.WI,12/10/2013,1175.854418,
874,GMAT.WI,12/11/2013,1172.111585,
875,GMAT.WI,12/12/2013,1169.99547,
876,GMAT.WI,12/13/2013,1167.54723,
877,GMAT.WI,12/16/2013,1167.635362,
878,GMAT.WI,12/17/2013,1168.1654,
879,GMAT.WI,12/18/2013,1171.266467,
880,GMAT.WI,12/19/2013,1170.551249,
881,GMAT.WI,12/20/2013,1170.071523,
882,GMAT.WI,12/27/2013,1170.607846,
883,GMAT.WI,12/30/2013,1170.758587,
884,GMAT.WI,1/6/2014,1160.503415,
885,GMAT.WI,1/7/2014,1160.855564,
886,GMAT.WI,1/8/2014,1158.23281,
887,GMAT.WI,1/9/2014,1157.746641,
888,GMAT.WI,1/10/2014,1161.585804,
889,GMAT.WI,1/14/2014,1163.443989,
890,GMAT.WI,1/15/2014,1166.620974,
891,GMAT.WI,1/16/2014,1168.735349,
892,GMAT.WI,1/17/2014,1169.472311,
893,GMAT.WI,1/21/2014,1169.801654,
894,GMAT.WI,1/22/2014,1169.660579,
895,GMAT.WI,1/23/2014,1172.049943,
896,GMAT.WI,1/24/2014,1170.314439,
897,GMAT.WI,1/27/2014,1167.680105,
898,GMAT.WI,1/28/2014,1169.882368,
899,GMAT.WI,1/29/2014,1171.620271,
900,GMAT.WI,1/30/2014,1172.281273,
901,GMAT.WI,2/7/2014,1176.983936,
902,GMAT.WI,2/10/2014,1178.928399,
903,GMAT.WI,2/12/2014,1179.533234,
904,GMAT.WI,2/13/2014,1183.381078,
905,GMAT.WI,2/14/2014,1185.859226,
906,GMAT.WI,2/18/2014,1187.766349,
907,GMAT.WI,2/19/2014,1186.584595,
908,GMAT.WI,2/20/2014,1184.978771,
909,GMAT.WI,2/21/2014,1185.340287,
910,GMAT.WI,2/24/2014,1185.477295,
911,GMAT.WI,2/25/2014,1186.800156,
912,GMAT.WI,2/26/2014,1187.450178,
913,GMAT.WI,2/27/2014,1187.698295,
914,GMAT.WI,2/28/2014,1186.334004,
915,GMAT.WI,3/3/2014,1186.274145,
916,GMAT.WI,3/4/2014,1186.393169,
917,GMAT.WI,3/5/2014,1184.812097,
918,GMAT.WI,3/6/2014,1183.266946,
919,GMAT.WI,3/7/2014,1181.203494,
920,GMAT.WI,3/10/2014,1177.88252,
921,GMAT.WI,3/11/2014,1176.752744,
922,GMAT.WI,3/12/2014,1176.391736,
923,GMAT.WI,3/13/2014,1177.024031,
924,GMAT.WI,3/14/2014,1175.862496,
925,GMAT.WI,3/17/2014,1177.161339,
926,GMAT.WI,3/18/2014,1179.925078,
927,GMAT.WI,3/19/2014,1176.918778,
928,GMAT.WI,3/20/2014,1174.381216,
929,GMAT.WI,3/24/2014,1175.358279,
930,GMAT.WI,3/25/2014,1177.51712,
931,GMAT.WI,3/26/2014,1179.103672,
932,GMAT.WI,3/27/2014,1180.906598,
933,GMAT.WI,3/28/2014,1180.186617,
934,GMAT.WI,3/31/2014,1180.148193,
935,GMAT.WI,4/1/2014,1182.576965,
936,GMAT.WI,4/2/2014,1181.668482,
937,GMAT.WI,4/3/2014,1181.528458,
938,GMAT.WI,4/4/2014,1186.054868,
939,GMAT.WI,4/8/2014,1186.737915,
940,GMAT.WI,4/9/2014,1189.112277,
941,GMAT.WI,4/10/2014,1190.571586,
942,GMAT.WI,4/11/2014,1187.587086,
943,GMAT.WI,4/14/2014,1188.394283,
944,GMAT.WI,4/15/2014,1188.782884,
945,GMAT.WI,4/16/2014,1191.083986,
946,GMAT.WI,4/17/2014,1190.233041,
947,GMAT.WI,4/22/2014,1188.822615,
948,GMAT.WI,4/23/2014,1189.201193,
949,GMAT.WI,4/24/2014,1187.839737,
950,GMAT.WI,4/25/2014,1186.190847,
951,GMAT.WI,4/28/2014,1186.217529,
952,GMAT.WI,4/30/2014,1190.192928,
953,GMAT.WI,5/7/2014,1189.80541,
954,GMAT.WI,5/8/2014,1192.00663,
955,GMAT.WI,5/9/2014,1191.142152,
956,GMAT.WI,5/12/2014,1193.605512,
957,GMAT.WI,5/13/2014,1197.742052,
958,GMAT.WI,5/14/2014,1201.209247,
959,GMAT.WI,5/15/2014,1203.437726,
960,GMAT.WI,5/16/2014,1202.626723,
961,GMAT.WI,5/19/2014,1204.314269,
962,GMAT.WI,5/20/2014,1205.625974,
963,GMAT.WI,5/21/2014,1206.156227,
964,GMAT.WI,5/22/2014,1207.367593,
965,GMAT.WI,5/23/2014,1210.651565,
966,GMAT.WI,5/27/2014,1213.613616,
967,GMAT.WI,5/28/2014,1215.727463,
968,GMAT.WI,5/29/2014,1216.487062,
969,GMAT.WI,5/30/2014,1216.424793,
970,GMAT.WI,6/3/2014,1211.456651,
971,GMAT.WI,6/4/2014,1210.584186,
972,GMAT.WI,6/5/2014,1210.096261,
973,GMAT.WI,6/6/2014,1210.654652,
974,GMAT.WI,6/9/2014,1211.198428,
975,GMAT.WI,6/10/2014,1209.779612,
976,GMAT.WI,6/11/2014,1210.518214,
977,GMAT.WI,6/12/2014,1212.374711,
978,GMAT.WI,6/13/2014,1212.144998,
979,GMAT.WI,6/16/2014,1213.249326,
980,GMAT.WI,6/17/2014,1210.368878,
981,GMAT.WI,6/18/2014,1211.903303,
982,GMAT.WI,6/19/2014,1215.063489,
983,GMAT.WI,6/20/2014,1216.334045,
984,GMAT.WI,6/23/2014,1216.762649,
985,GMAT.WI,6/24/2014,1217.041968,
986,GMAT.WI,6/25/2014,1219.074442,
987,GMAT.WI,6/26/2014,1220.8669,
988,GMAT.WI,6/27/2014,1221.493458,
989,GMAT.WI,6/30/2014,1220.762037,
990,GMAT.WI,7/1/2014,1217.965988,
991,GMAT.WI,7/2/2014,1214.450777,
992,GMAT.WI,7/3/2014,1213.280941,
993,GMAT.WI,7/7/2014,1211.559957,
994,GMAT.WI,7/8/2014,1212.286213,
995,GMAT.WI,7/9/2014,1211.686308,
996,GMAT.WI,7/10/2014,1211.308303,
997,GMAT.WI,7/11/2014,1212.109021,
998,GMAT.WI,7/14/2014,1211.943054,
999,GMAT.WI,7/15/2014,1208.711564,
1000,GMAT.WI,7/16/2014,1209.697073,
1001,GMAT.WI,7/17/2014,1209.360905,
1002,GMAT.WI,7/18/2014,1209.54011,
1003,GMAT.WI,7/22/2014,1209.243005,
1004,GMAT.WI,7/23/2014,1210.010333,
1005,GMAT.WI,7/24/2014,1209.378021,
1006,GMAT.WI,7/25/2014,1210.407303,
1007,GMAT.WI,7/28/2014,1211.07018,
1008,GMAT.WI,7/29/2014,1213.807445,
1009,GMAT.WI,7/30/2014,1209.413352,
1010,GMAT.WI,7/31/2014,1205.163417,
1011,GMAT.WI,8/1/2014,1204.406099,
1012,GMAT.WI,8/4/2014,1206.551555,
1013,GMAT.WI,8/5/2014,1204.638089,
1014,GMAT.WI,8/6/2014,1205.879699,
1015,GMAT.WI,8/7/2014,1207.854219,
1016,GMAT.WI,8/8/2014,1211.46103,
1017,GMAT.WI,8/11/2014,1213.095361,
1018,GMAT.WI,8/12/2014,1211.172583,
1019,GMAT.WI,8/13/2014,1214.897507,
1020,GMAT.WI,8/14/2014,1213.086687,
1021,GMAT.WI,8/15/2014,1217.65575,
1022,GMAT.WI,8/18/2014,1215.344905,
1023,GMAT.WI,8/19/2014,1214.34061,
1024,GMAT.WI,8/20/2014,1212.412832,
1025,GMAT.WI,8/21/2014,1211.236515,
1026,GMAT.WI,8/22/2014,1212.434404,
1027,GMAT.WI,8/25/2014,1212.907684,
1028,GMAT.WI,8/26/2014,1212.956887,
1029,GMAT.WI,8/27/2014,1215.510549,
1030,GMAT.WI,8/28/2014,1216.34424,
1031,GMAT.WI,8/29/2014,1218.835068,
1032,GMAT.WI,9/2/2014,1215.150114,
1033,GMAT.WI,9/3/2014,1216.133668,
1034,GMAT.WI,9/4/2014,1214.651435,
1035,GMAT.WI,9/5/2014,1216.171115,
1036,GMAT.WI,9/9/2014,1212.569566,
1037,GMAT.WI,9/10/2014,1208.665306,
1038,GMAT.WI,9/11/2014,1206.642289,
1039,GMAT.WI,9/12/2014,1204.308102,
1040,GMAT.WI,9/16/2014,1204.906401,
1041,GMAT.WI,9/17/2014,1208.332143,
1042,GMAT.WI,9/18/2014,1207.240471,
1043,GMAT.WI,9/19/2014,1210.311572,
1044,GMAT.WI,9/22/2014,1206.808364,
1045,GMAT.WI,9/24/2014,1210.189333,
1046,GMAT.WI,9/25/2014,1210.503163,
1047,GMAT.WI,9/26/2014,1208.936032,
1048,GMAT.WI,9/29/2014,1209.210977,
1049,GMAT.WI,9/30/2014,1210.293,
1050,GMAT.WI,10/8/2014,1216.967479,
1051,GMAT.WI,10/9/2014,1215.365776,
1052,GMAT.WI,10/10/2014,1210.594187,
1053,GMAT.WI,10/14/2014,1214.406731,
1054,GMAT.WI,10/15/2014,1219.661791,
1055,GMAT.WI,10/16/2014,1213.287804,
1056,GMAT.WI,10/17/2014,1213.568473,
1057,GMAT.WI,10/20/2014,1219.29154,
1058,GMAT.WI,10/21/2014,1218.57273,
1059,GMAT.WI,10/22/2014,1217.61365,
1060,GMAT.WI,10/23/2014,1216.751624,
1061,GMAT.WI,10/24/2014,1220.08276,
1062,GMAT.WI,10/27/2014,1220.046667,
1063,GMAT.WI,10/28/2014,1226.576084,
1064,GMAT.WI,10/29/2014,1225.712985,
1065,GMAT.WI,10/30/2014,1228.410019,
1066,GMAT.WI,10/31/2014,1234.98428,
1067,GMAT.WI,11/4/2014,1239.355267,
1068,GMAT.WI,11/5/2014,1239.464021,
1069,GMAT.WI,11/6/2014,1238.882581,
1070,GMAT.WI,11/7/2014,1242.754411,
1071,GMAT.WI,11/10/2014,1245.904415,
1072,GMAT.WI,11/11/2014,1240.444941,
1073,GMAT.WI,11/12/2014,1242.18191,
1074,GMAT.WI,11/13/2014,1243.69181,
1075,GMAT.WI,11/14/2014,1243.784928,
1076,GMAT.WI,11/17/2014,1241.474791,
1077,GMAT.WI,11/18/2014,1242.585813,
1078,GMAT.WI,11/19/2014,1239.924588,
1079,GMAT.WI,11/20/2014,1241.829064,
1080,GMAT.WI,11/21/2014,1247.492046,
1081,GMAT.WI,11/25/2014,1258.415487,
1082,GMAT.WI,11/26/2014,1262.521265,
1083,GMAT.WI,11/28/2014,1266.09266,
1084,GMAT.WI,12/1/2014,1259.093076,
1085,GMAT.WI,12/2/2014,1263.796045,
1086,GMAT.WI,12/3/2014,1263.966601,
1087,GMAT.WI,12/4/2014,1268.3257,
1088,GMAT.WI,12/5/2014,1264.735185,
1089,GMAT.WI,12/8/2014,1268.750171,
1090,GMAT.WI,12/9/2014,1263.679463,
1091,GMAT.WI,12/10/2014,1269.126177,
1092,GMAT.WI,12/11/2014,1267.511076,
1093,GMAT.WI,12/12/2014,1270.560025,
1094,GMAT.WI,12/15/2014,1269.280108,
1095,GMAT.WI,12/16/2014,1274.521611,
1096,GMAT.WI,12/17/2014,1275.187467,
1097,GMAT.WI,12/18/2014,1279.395596,
1098,GMAT.WI,12/19/2014,1281.313933,
1099,GMAT.WI,12/22/2014,1278.730992,
1100,GMAT.WI,12/29/2014,1283.973687,
1101,GMAT.WI,12/30/2014,1280.755151,
1102,GMAT.WI,1/5/2015,1285.791637,
1103,GMAT.WI,1/6/2015,1286.111486,
1104,GMAT.WI,1/7/2015,1287.924741,
1105,GMAT.WI,1/8/2015,1288.464172,
1106,GMAT.WI,1/9/2015,1289.620252,
1107,GMAT.WI,1/13/2015,1290.795015,
1108,GMAT.WI,1/14/2015,1290.10532,
1109,GMAT.WI,1/15/2015,1292.247845,
1110,GMAT.WI,1/16/2015,1295.125937,
1111,GMAT.WI,1/20/2015,1296.558584,
1112,GMAT.WI,1/21/2015,1296.149911,
1113,GMAT.WI,1/22/2015,1297.766131,
1114,GMAT.WI,1/23/2015,1304.931726,
1115,GMAT.WI,1/26/2015,1302.891142,
1116,GMAT.WI,1/27/2015,1300.670685,
1117,GMAT.WI,1/28/2015,1300.271029,
1118,GMAT.WI,1/29/2015,1298.31732,
1119,GMAT.WI,1/30/2015,1298.489902,
1120,GMAT.WI,2/2/2015,1301.503411,
1121,GMAT.WI,2/3/2015,1298.649419,
1122,GMAT.WI,2/4/2015,1297.39521,
1123,GMAT.WI,2/5/2015,1296.880431,
1124,GMAT.WI,2/6/2015,1291.779037,
1125,GMAT.WI,2/9/2015,1289.980201,
1126,GMAT.WI,2/10/2015,1290.15225,
1127,GMAT.WI,2/12/2015,1296.304964,
1128,GMAT.WI,2/13/2015,1296.799108,
1129,GMAT.WI,2/17/2015,1297.43056,
1130,GMAT.WI,2/25/2015,1309.212121,
1131,GMAT.WI,2/26/2015,1310.202135,
1132,GMAT.WI,2/27/2015,1311.054064,
1133,GMAT.WI,3/2/2015,1309.428566,
1134,GMAT.WI,3/3/2015,1304.21672,
1135,GMAT.WI,3/4/2015,1304.411382,
1136,GMAT.WI,3/5/2015,1304.117507,
1137,GMAT.WI,3/6/2015,1299.271602,
1138,GMAT.WI,3/9/2015,1302.888722,
1139,GMAT.WI,3/10/2015,1303.026168,
1140,GMAT.WI,3/11/2015,1307.324917,
1141,GMAT.WI,3/12/2015,1311.807037,
1142,GMAT.WI,3/13/2015,1310.593044,
1143,GMAT.WI,3/16/2015,1313.207517,
1144,GMAT.WI,3/17/2015,1314.760649,
1145,GMAT.WI,3/18/2015,1323.739104,
1146,GMAT.WI,3/19/2015,1323.947459,
1147,GMAT.WI,3/20/2015,1328.703824,
1148,GMAT.WI,3/23/2015,1330.409579,
1149,GMAT.WI,3/24/2015,1330.834177,
1150,GMAT.WI,3/25/2015,1329.239417,
1151,GMAT.WI,3/26/2015,1324.891699,
1152,GMAT.WI,3/27/2015,1326.769316,
1153,GMAT.WI,3/30/2015,1329.46933,
1154,GMAT.WI,3/31/2015,1326.530105,
1155,GMAT.WI,4/1/2015,1332.66561,
1156,GMAT.WI,4/2/2015,1335.319659,
1157,GMAT.WI,4/7/2015,1339.326549,
1158,GMAT.WI,4/8/2015,1338.341228,
1159,GMAT.WI,4/9/2015,1337.77957,
1160,GMAT.WI,4/10/2015,1341.001865,
1161,GMAT.WI,4/13/2015,1343.656659,
1162,GMAT.WI,4/14/2015,1344.932433,
1163,GMAT.WI,4/15/2015,1345.413996,
1164,GMAT.WI,4/16/2015,1347.983908,
1165,GMAT.WI,4/17/2015,1346.527688,
1166,GMAT.WI,4/20/2015,1347.057009,
1167,GMAT.WI,4/21/2015,1352.166537,
1168,GMAT.WI,4/22/2015,1351.977767,
1169,GMAT.WI,4/23/2015,1352.451349,
1170,GMAT.WI,4/24/2015,1354.654105,
1171,GMAT.WI,4/27/2015,1356.850652,
1172,GMAT.WI,4/28/2015,1354.354407,
1173,GMAT.WI,4/30/2015,1344.213273,
1174,GMAT.WI,5/7/2015,1323.869025,
1175,GMAT.WI,5/8/2015,1333.073543,
1176,GMAT.WI,5/11/2015,1333.616811,
1177,GMAT.WI,5/12/2015,1330.333311,
1178,GMAT.WI,5/13/2015,1330.501457,
1179,GMAT.WI,5/14/2015,1333.558496,
1180,GMAT.WI,5/15/2015,1337.505683,
1181,GMAT.WI,5/18/2015,1338.064166,
1182,GMAT.WI,5/19/2015,1341.457523,
1183,GMAT.WI,5/20/2015,1342.650754,
1184,GMAT.WI,5/21/2015,1346.128884,
1185,GMAT.WI,5/22/2015,1346.146297,
1186,GMAT.WI,5/26/2015,1350.676712,
1187,GMAT.WI,5/27/2015,1352.376094,
1188,GMAT.WI,5/28/2015,1345.994553,
1189,GMAT.WI,5/29/2015,1346.316723,
1190,GMAT.WI,6/1/2015,1348.975528,
1191,GMAT.WI,6/2/2015,1345.690237,
1192,GMAT.WI,6/3/2015,1339.534492,
1193,GMAT.WI,6/4/2015,1337.987318,
1194,GMAT.WI,6/5/2015,1333.29671,
1195,GMAT.WI,6/8/2015,1331.177038,
1196,GMAT.WI,6/9/2015,1328.207116,
1197,GMAT.WI,6/10/2015,1328.925393,
1198,GMAT.WI,6/11/2015,1334.545352,
1199,GMAT.WI,6/12/2015,1334.618393,
1200,GMAT.WI,6/15/2015,1332.894536,
1201,GMAT.WI,6/16/2015,1332.689881,
1202,GMAT.WI,6/17/2015,1334.349886,
1203,GMAT.WI,6/18/2015,1334.13182,
1204,GMAT.WI,6/19/2015,1334.470001,
1205,GMAT.WI,6/23/2015,1332.689092,
1206,GMAT.WI,6/24/2015,1334.406271,
1207,GMAT.WI,6/25/2015,1329.15175,
1208,GMAT.WI,6/26/2015,1322.015989,
1209,GMAT.WI,6/29/2015,1321.180089,
1210,GMAT.WI,6/30/2015,1324.961475,
1211,GMAT.WI,7/1/2015,1318.05616,
1212,GMAT.WI,7/2/2015,1318.9752,
1213,GMAT.WI,7/6/2015,1319.696046,
1214,GMAT.WI,7/7/2015,1318.613674,
1215,GMAT.WI,7/8/2015,1309.330801,
1216,GMAT.WI,7/9/2015,1313.440356,
1217,GMAT.WI,7/10/2015,1316.477594,
1218,GMAT.WI,7/13/2015,1320.588475,
1219,GMAT.WI,7/14/2015,1323.43735,
1220,GMAT.WI,7/15/2015,1323.478928,
1221,GMAT.WI,7/16/2015,1326.227279,
1222,GMAT.WI,7/17/2015,1331.064278,
1223,GMAT.WI,7/21/2015,1327.736737,
1224,GMAT.WI,7/22/2015,1327.720319,
1225,GMAT.WI,7/23/2015,1333.014366,
1226,GMAT.WI,7/24/2015,1329.341225,
1227,GMAT.WI,7/27/2015,1322.784982,
1228,GMAT.WI,7/28/2015,1322.782177,
1229,GMAT.WI,7/29/2015,1326.137245,
1230,GMAT.WI,7/30/2015,1324.038722,
1231,GMAT.WI,7/31/2015,1325.83115,
1232,GMAT.WI,8/3/2015,1325.349043,
1233,GMAT.WI,8/4/2015,1327.556906,
1234,GMAT.WI,8/5/2015,1326.094155,
1235,GMAT.WI,8/6/2015,1326.681542,
1236,GMAT.WI,8/7/2015,1328.629261,
1237,GMAT.WI,8/10/2015,1332.716752,
1238,GMAT.WI,8/11/2015,1333.540979,
1239,GMAT.WI,8/12/2015,1332.967369,
1240,GMAT.WI,8/13/2015,1331.230842,
1241,GMAT.WI,8/14/2015,1329.835207,
1242,GMAT.WI,8/17/2015,1330.862435,
1243,GMAT.WI,8/18/2015,1326.825878,
1244,GMAT.WI,8/19/2015,1325.390813,
1245,GMAT.WI,8/20/2015,1321.943875,
1246,GMAT.WI,8/21/2015,1316.258248,
1247,GMAT.WI,8/24/2015,1303.712455,
1248,GMAT.WI,8/25/2015,1294.247388,
1249,GMAT.WI,8/26/2015,1299.755294,
1250,GMAT.WI,8/27/2015,1306.837817,
1251,GMAT.WI,8/28/2015,1309.86135,
1252,GMAT.WI,8/31/2015,1304.248767,
1253,GMAT.WI,9/1/2015,1296.778686,
1254,GMAT.WI,9/2/2015,1297.643799,
1255,GMAT.WI,9/8/2015,1303.865084,
1256,GMAT.WI,9/9/2015,1308.260539,
1257,GMAT.WI,9/10/2015,1307.703542,
1258,GMAT.WI,9/11/2015,1309.248456,
1259,GMAT.WI,9/14/2015,1304.26524,
1260,GMAT.WI,9/15/2015,1300.31481,
1261,GMAT.WI,9/16/2015,1302.937762,
1262,GMAT.WI,9/17/2015,1306.951989,
1263,GMAT.WI,9/18/2015,1310.006766,
1264,GMAT.WI,9/24/2015,1309.850775,
1265,GMAT.WI,9/25/2015,1309.645105,
1266,GMAT.WI,9/28/2015,1310.324594,
1267,GMAT.WI,9/29/2015,1307.328895,
1268,GMAT.WI,9/30/2015,1307.997409,
1269,GMAT.WI,10/8/2015,1316.734574,
1270,GMAT.WI,10/9/2015,1320.325565,
1271,GMAT.WI,10/13/2015,1322.75161,
1272,GMAT.WI,10/14/2015,1326.097971,
1273,GMAT.WI,10/15/2015,1327.435231,
1274,GMAT.WI,10/16/2015,1327.207086,
1275,GMAT.WI,10/19/2015,1325.314664,
1276,GMAT.WI,10/20/2015,1323.791432,
1277,GMAT.WI,10/21/2015,1322.728847,
1278,GMAT.WI,10/22/2015,1327.85095,
1279,GMAT.WI,10/23/2015,1327.875804,
1280,GMAT.WI,10/26/2015,1327.308615,
1281,GMAT.WI,10/27/2015,1330.09753,
1282,GMAT.WI,10/28/2015,1328.102358,
1283,GMAT.WI,10/29/2015,1324.797428,
1284,GMAT.WI,10/30/2015,1322.509311,
1285,GMAT.WI,11/2/2015,1319.528392,
1286,GMAT.WI,11/4/2015,1317.716142,
1287,GMAT.WI,11/5/2015,1317.023049,
1288,GMAT.WI,11/6/2015,1313.995114,
1289,GMAT.WI,11/9/2015,1312.018528,
1290,GMAT.WI,11/10/2015,1315.614881,
1291,GMAT.WI,11/11/2015,1316.296561,
1292,GMAT.WI,11/12/2015,1315.061009,
1293,GMAT.WI,11/13/2015,1314.833425,
1294,GMAT.WI,11/16/2015,1317.240455,
1295,GMAT.WI,11/17/2015,1318.295425,
1296,GMAT.WI,11/18/2015,1317.532055,
1297,GMAT.WI,11/19/2015,1319.893751,
1298,GMAT.WI,11/20/2015,1320.65768,
1299,GMAT.WI,11/24/2015,1320.228709,
1300,GMAT.WI,11/25/2015,1323.87521,
1301,GMAT.WI,11/27/2015,1322.370453,
1302,GMAT.WI,11/30/2015,1320.791179,
1303,GMAT.WI,12/1/2015,1324.419174,
1304,GMAT.WI,12/2/2015,1323.941662,
1305,GMAT.WI,12/3/2015,1313.01998,
1306,GMAT.WI,12/4/2015,1310.673062,
1307,GMAT.WI,12/7/2015,1315.519823,
1308,GMAT.WI,12/8/2015,1312.818244,
1309,GMAT.WI,12/9/2015,1312.500332,
1310,GMAT.WI,12/10/2015,1311.421593,
1311,GMAT.WI,12/11/2015,1314.434341,
1312,GMAT.WI,12/14/2015,1311.454823,
1313,GMAT.WI,12/15/2015,1311.359034,
1314,GMAT.WI,12/16/2015,1311.378554,
1315,GMAT.WI,12/17/2015,1314.369141,
1316,GMAT.WI,12/18/2015,1316.05191,
1317,GMAT.WI,12/21/2015,1318.524941,
1318,GMAT.WI,12/22/2015,1317.300119,
1319,GMAT.WI,12/28/2015,1316.512221,
1320,GMAT.WI,12/29/2015,1315.364363,
1321,GMAT.WI,12/30/2015,1315.240684,
1322,GMAT.WI,1/4/2016,1309.975883,
1323,GMAT.WI,1/5/2016,1309.851327,
1324,GMAT.WI,1/6/2016,1312.676909,
1325,GMAT.WI,1/7/2016,1311.817025,
1326,GMAT.WI,1/8/2016,1314.825196,
1327,GMAT.WI,1/12/2016,1313.659364,
1328,GMAT.WI,1/13/2016,1313.236929,
1329,GMAT.WI,1/14/2016,1313.553717,
1330,GMAT.WI,1/15/2016,1316.280381,
1331,GMAT.WI,1/19/2016,1318.193944,
1332,GMAT.WI,1/20/2016,1320.389715,
1333,GMAT.WI,1/21/2016,1320.428393,
1334,GMAT.WI,1/22/2016,1320.813664,
1335,GMAT.WI,1/25/2016,1319.709757,
1336,GMAT.WI,1/26/2016,1321.245759,
1337,GMAT.WI,1/27/2016,1321.665642,
1338,GMAT.WI,1/28/2016,1323.133274,
1339,GMAT.WI,1/29/2016,1332.618863,
1340,GMAT.WI,2/1/2016,1331.356203,
1341,GMAT.WI,2/2/2016,1335.032039,
1342,GMAT.WI,2/3/2016,1337.834766,
1343,GMAT.WI,2/4/2016,1341.145282,
1344,GMAT.WI,2/5/2016,1344.041587,
1345,GMAT.WI,2/16/2016,1350.329483,
1346,GMAT.WI,2/17/2016,1347.43118,
1347,GMAT.WI,2/18/2016,1350.820208,
1348,GMAT.WI,2/19/2016,1352.541033,
1349,GMAT.WI,2/22/2016,1357.20074,
1350,GMAT.WI,2/23/2016,1356.192268,
1351,GMAT.WI,2/24/2016,1358.365286,
1352,GMAT.WI,2/25/2016,1360.944924,
1353,GMAT.WI,2/26/2016,1356.192468,
1354,GMAT.WI,2/29/2016,1356.805816,
1355,GMAT.WI,3/1/2016,1356.813039,
1356,GMAT.WI,3/2/2016,1356.582139,
1357,GMAT.WI,3/3/2016,1355.940899,
1358,GMAT.WI,3/4/2016,1355.858656,
1359,GMAT.WI,3/7/2016,1359.664212,
1360,GMAT.WI,3/8/2016,1368.735902,
1361,GMAT.WI,3/9/2016,1357.937407,
1362,GMAT.WI,3/10/2016,1354.646816,
1363,GMAT.WI,3/11/2016,1354.126897,
1364,GMAT.WI,3/14/2016,1355.681973,
1365,GMAT.WI,3/15/2016,1349.14343,
1366,GMAT.WI,3/16/2016,1354.80237,
1367,GMAT.WI,3/17/2016,1361.056519,
1368,GMAT.WI,3/18/2016,1370.749712,
1369,GMAT.WI,3/22/2016,1370.496862,
1370,GMAT.WI,3/23/2016,1374.31199,
1371,GMAT.WI,3/24/2016,1369.381225,
1372,GMAT.WI,3/29/2016,1374.520776,
1373,GMAT.WI,3/30/2016,1375.79288,
1374,GMAT.WI,3/31/2016,1372.801804,
1375,GMAT.WI,4/1/2016,1375.585098,
1376,GMAT.WI,4/5/2016,1377.840598,
1377,GMAT.WI,4/6/2016,1377.710242,
1378,GMAT.WI,4/7/2016,1378.466182,
1379,GMAT.WI,4/8/2016,1378.693571,
1380,GMAT.WI,4/11/2016,1381.781768,
1381,GMAT.WI,4/12/2016,1382.162621,
1382,GMAT.WI,4/13/2016,1385.173123,
1383,GMAT.WI,4/14/2016,1382.744646,
1384,GMAT.WI,4/15/2016,1384.618588,
1385,GMAT.WI,4/18/2016,1383.999317,
1386,GMAT.WI,4/19/2016,1386.621403,
1387,GMAT.WI,4/20/2016,1387.729205,
1388,GMAT.WI,4/21/2016,1389.214447,
1389,GMAT.WI,4/22/2016,1389.619956,
1390,GMAT.WI,4/25/2016,1385.330794,
1391,GMAT.WI,4/26/2016,1383.663863,
1392,GMAT.WI,4/27/2016,1381.520898,
1393,GMAT.WI,4/28/2016,1382.826263,
1394,GMAT.WI,5/6/2016,1384.9589,
1395,GMAT.WI,5/9/2016,1384.236754,
1396,GMAT.WI,5/10/2016,1378.670078,
1397,GMAT.WI,5/11/2016,1380.248642,
1398,GMAT.WI,5/12/2016,1383.659726,
1399,GMAT.WI,5/13/2016,1382.102454,
1400,GMAT.WI,5/17/2016,1382.624631,
1401,GMAT.WI,5/18/2016,1380.228326,
1402,GMAT.WI,5/19/2016,1376.156299,
1403,GMAT.WI,5/20/2016,1378.416462,
1404,GMAT.WI,5/23/2016,1377.461714,
1405,GMAT.WI,5/24/2016,1375.634959,
1406,GMAT.WI,5/25/2016,1375.306413,
1407,GMAT.WI,5/26/2016,1379.962999,
1408,GMAT.WI,5/27/2016,1381.546383,
1409,GMAT.WI,5/31/2016,1386.480495,
1410,GMAT.WI,6/1/2016,1384.701888,
1411,GMAT.WI,6/2/2016,1386.600844,
1412,GMAT.WI,6/3/2016,1391.777703,
1413,GMAT.WI,6/6/2016,1396.146553,
1414,GMAT.WI,6/7/2016,1399.479158,
1415,GMAT.WI,6/8/2016,1399.120634,
1416,GMAT.WI,6/13/2016,1409.936028,
1417,GMAT.WI,6/14/2016,1411.995237,
1418,GMAT.WI,6/15/2016,1414.611773,
1419,GMAT.WI,6/16/2016,1417.464899,
1420,GMAT.WI,6/17/2016,1411.12559,
1421,GMAT.WI,6/20/2016,1409.867238,
1422,GMAT.WI,6/21/2016,1409.382676,
1423,GMAT.WI,6/22/2016,1409.225518,
1424,GMAT.WI,6/23/2016,1408.188552,
1425,GMAT.WI,6/24/2016,1419.620326,
1426,GMAT.WI,6/27/2016,1428.139213,
1427,GMAT.WI,6/28/2016,1434.93586,
1428,GMAT.WI,6/29/2016,1436.082872,
1429,GMAT.WI,6/30/2016,1439.251107,
1430,GMAT.WI,7/1/2016,1444.027401,
1431,GMAT.WI,7/5/2016,1449.810171,
1432,GMAT.WI,7/6/2016,1449.096426,
1433,GMAT.WI,7/7/2016,1448.99194,
1434,GMAT.WI,7/8/2016,1447.399791,
1435,GMAT.WI,7/11/2016,1445.785939,
1436,GMAT.WI,7/12/2016,1445.131493,
1437,GMAT.WI,7/13/2016,1450.906685,
1438,GMAT.WI,7/14/2016,1449.379846,
1439,GMAT.WI,7/15/2016,1443.565532,
1440,GMAT.WI,7/19/2016,1440.369391,
1441,GMAT.WI,7/20/2016,1439.883064,
1442,GMAT.WI,7/21/2016,1438.990616,
1443,GMAT.WI,7/22/2016,1438.600307,
1444,GMAT.WI,7/25/2016,1436.389851,
1445,GMAT.WI,7/26/2016,1437.044429,
1446,GMAT.WI,7/27/2016,1441.795999,
1447,GMAT.WI,7/28/2016,1443.889783,
1448,GMAT.WI,7/29/2016,1441.843528,
1449,GMAT.WI,8/1/2016,1438.900918,
1450,GMAT.WI,8/2/2016,1433.676803,
1451,GMAT.WI,8/3/2016,1434.496483,
1452,GMAT.WI,8/4/2016,1435.047967,
1453,GMAT.WI,8/5/2016,1437.614908,
1454,GMAT.WI,8/8/2016,1437.952971,
1455,GMAT.WI,8/9/2016,1442.334456,
1456,GMAT.WI,8/10/2016,1444.078502,
1457,GMAT.WI,8/12/2016,1446.332195,
1458,GMAT.WI,8/15/2016,1446.11354,
1459,GMAT.WI,8/16/2016,1445.893246,
1460,GMAT.WI,8/17/2016,1445.169434,
1461,GMAT.WI,8/18/2016,1446.356102,
1462,GMAT.WI,8/19/2016,1442.811977,
1463,GMAT.WI,8/22/2016,1442.626942,
1464,GMAT.WI,8/23/2016,1442.816662,
1465,GMAT.WI,8/24/2016,1441.086087,
1466,GMAT.WI,8/25/2016,1436.953044,
1467,GMAT.WI,8/26/2016,1435.93588,
1468,GMAT.WI,8/29/2016,1435.809479,
1469,GMAT.WI,8/30/2016,1435.190271,
1470,GMAT.WI,8/31/2016,1432.852756,
1471,GMAT.WI,9/1/2016,1430.611907,
1472,GMAT.WI,9/2/2016,1431.499705,
1473,GMAT.WI,9/6/2016,1435.665829,
1474,GMAT.WI,9/7/2016,1437.088256,
1475,GMAT.WI,9/8/2016,1437.044007,
1476,GMAT.WI,9/9/2016,1430.250061,
1477,GMAT.WI,9/12/2016,1426.401245,
1478,GMAT.WI,9/13/2016,1424.096903,
1479,GMAT.WI,9/14/2016,1421.956233,
1480,GMAT.WI,9/20/2016,1425.535541,
1481,GMAT.WI,9/21/2016,1429.04749,
1482,GMAT.WI,9/23/2016,1432.850282,
1483,GMAT.WI,9/26/2016,1430.662576,
1484,GMAT.WI,9/27/2016,1431.87134,
1485,GMAT.WI,9/28/2016,1432.971694,
1486,GMAT.WI,9/29/2016,1433.871719,
1487,GMAT.WI,9/30/2016,1433.601223,
1488,GMAT.WI,10/11/2016,1431.781968,
1489,GMAT.WI,10/12/2016,1429.19447,
1490,GMAT.WI,10/13/2016,1429.021093,
1491,GMAT.WI,10/14/2016,1429.267473,
1492,GMAT.WI,10/17/2016,1428.973132,
1493,GMAT.WI,10/18/2016,1433.319193,
1494,GMAT.WI,10/19/2016,1435.577715,
1495,GMAT.WI,10/20/2016,1438.322661,
1496,GMAT.WI,10/21/2016,1438.359214,
1497,GMAT.WI,10/24/2016,1438.93447,
1498,GMAT.WI,10/25/2016,1438.513858,
1499,GMAT.WI,10/26/2016,1434.567097,
1500,GMAT.WI,10/27/2016,1433.132887,
1501,GMAT.WI,10/28/2016,1432.826446,
1502,GMAT.WI,10/31/2016,1430.132834,
1503,GMAT.WI,11/1/2016,1429.153266,
1504,GMAT.WI,11/2/2016,1427.545019,
1505,GMAT.WI,11/4/2016,1426.141429,
1506,GMAT.WI,11/7/2016,1430.430389,
1507,GMAT.WI,11/8/2016,1432.630193,
1508,GMAT.WI,11/9/2016,1435.879236,
1509,GMAT.WI,11/10/2016,1440.984703,
1510,GMAT.WI,11/11/2016,1446.120516,
1511,GMAT.WI,11/14/2016,1442.478349,
1512,GMAT.WI,11/15/2016,1442.230384,
1513,GMAT.WI,11/16/2016,1438.49801,
1514,GMAT.WI,11/17/2016,1438.451487,
1515,GMAT.WI,11/18/2016,1438.27722,
1516,GMAT.WI,11/21/2016,1441.823619,
1517,GMAT.WI,11/22/2016,1451.502597,
1518,GMAT.WI,11/25/2016,1461.696603,
1519,GMAT.WI,11/28/2016,1467.864637,
1520,GMAT.WI,11/29/2016,1461.254528,
1521,GMAT.WI,11/30/2016,1454.525786,
1522,GMAT.WI,12/1/2016,1454.957853,
1523,GMAT.WI,12/2/2016,1452.486283,
1524,GMAT.WI,12/5/2016,1449.700861,
1525,GMAT.WI,12/6/2016,1450.351687,
1526,GMAT.WI,12/7/2016,1455.362542,
1527,GMAT.WI,12/8/2016,1458.974176,
1528,GMAT.WI,12/9/2016,1460.433621,
1529,GMAT.WI,12/12/2016,1454.766745,
1530,GMAT.WI,12/13/2016,1456.78796,
1531,GMAT.WI,12/14/2016,1453.326538,
1532,GMAT.WI,12/15/2016,1444.031906,
1533,GMAT.WI,12/16/2016,1453.633065,
1534,GMAT.WI,12/19/2016,1448.555372,
1535,GMAT.WI,12/20/2016,1444.048025,
1536,GMAT.WI,12/21/2016,1451.851447,
1537,GMAT.WI,12/22/2016,1451.91749,
1538,GMAT.WI,12/27/2016,1448.669087,
1539,GMAT.WI,12/28/2016,1452.748146,
1540,GMAT.WI,12/29/2016,1454.727285,
1541,GMAT.WI,12/30/2016,1451.462844,
1542,GMAT.WI,1/4/2017,1455.399944,
1543,GMAT.WI,1/5/2017,1458.05254,
1544,GMAT.WI,1/6/2017,1454.750256,
1545,GMAT.WI,1/10/2017,1456.612987,
1546,GMAT.WI,1/11/2017,1459.541552,
1547,GMAT.WI,1/12/2017,1457.894222,
1548,GMAT.WI,1/13/2017,1459.052297,
1549,GMAT.WI,1/17/2017,1457.680175,
1550,GMAT.WI,1/18/2017,1455.864483,
1551,GMAT.WI,1/19/2017,1455.107255,
1552,GMAT.WI,1/20/2017,1455.870548,
1553,GMAT.WI,1/23/2017,1455.934756,
1554,GMAT.WI,1/24/2017,1456.48652,
1555,GMAT.WI,1/25/2017,1458.383181,
1556,GMAT.WI,1/26/2017,1459.613318,
1557,GMAT.WI,2/3/2017,1456.392391,
1558,GMAT.WI,2/6/2017,1455.840518,
1559,GMAT.WI,2/7/2017,1457.631137,
1560,GMAT.WI,2/8/2017,1463.195677,
1561,GMAT.WI,2/9/2017,1467.749878,
1562,GMAT.WI,2/10/2017,1470.705816,
1563,GMAT.WI,2/13/2017,1476.954924,
1564,GMAT.WI,2/14/2017,1476.694323,
1565,GMAT.WI,2/15/2017,1475.240122,
1566,GMAT.WI,2/16/2017,1476.361213,
1567,GMAT.WI,2/17/2017,1476.696875,
1568,GMAT.WI,2/21/2017,1486.919461,
1569,GMAT.WI,2/22/2017,1488.153716,
1570,GMAT.WI,2/23/2017,1487.98023,
1571,GMAT.WI,2/24/2017,1487.25137,
1572,GMAT.WI,2/27/2017,1487.173581,
1573,GMAT.WI,2/28/2017,1486.742373,
1574,GMAT.WI,3/1/2017,1488.173654,
1575,GMAT.WI,3/2/2017,1487.504956,
1576,GMAT.WI,3/3/2017,1482.906074,
1577,GMAT.WI,3/6/2017,1484.129181,
1578,GMAT.WI,3/7/2017,1484.896016,
1579,GMAT.WI,3/8/2017,1477.956337,
1580,GMAT.WI,3/9/2017,1473.751038,
1581,GMAT.WI,3/10/2017,1470.58132,
1582,GMAT.WI,3/13/2017,1474.491797,
1583,GMAT.WI,3/14/2017,1475.659182,
1584,GMAT.WI,3/15/2017,1479.373255,
1585,GMAT.WI,3/16/2017,1482.196989,
1586,GMAT.WI,3/17/2017,1478.863682,
1587,GMAT.WI,3/21/2017,1474.789044,
1588,GMAT.WI,3/22/2017,1472.319106,
1589,GMAT.WI,3/23/2017,1472.305147,
1590,GMAT.WI,3/24/2017,1475.510733,
1591,GMAT.WI,3/27/2017,1469.272753,
1592,GMAT.WI,3/28/2017,1473.684758,
1593,GMAT.WI,3/29/2017,1478.770277,
1594,GMAT.WI,3/30/2017,1478.53782,
1595,GMAT.WI,3/31/2017,1479.065233,
1596,GMAT.WI,4/5/2017,1484.899382,
1597,GMAT.WI,4/6/2017,1484.486321,
1598,GMAT.WI,4/7/2017,1484.866711,
1599,GMAT.WI,4/10/2017,1484.54678,
1600,GMAT.WI,4/11/2017,1485.186002,
1601,GMAT.WI,4/12/2017,1482.584453,
1602,GMAT.WI,4/13/2017,1482.254651,
1603,GMAT.WI,4/18/2017,1476.870967,
1604,GMAT.WI,4/19/2017,1471.16521,
1605,GMAT.WI,4/20/2017,1471.577004,
1606,GMAT.WI,4/21/2017,1471.164983,
1607,GMAT.WI,4/24/2017,1466.768618,
1608,GMAT.WI,4/25/2017,1470.455851,
1609,GMAT.WI,4/26/2017,1472.838962,
1610,GMAT.WI,4/27/2017,1475.013327,
1611,GMAT.WI,4/28/2017,1474.805304,
1612,GMAT.WI,5/2/2017,1475.316839,
1613,GMAT.WI,5/8/2017,1463.147058,
1614,GMAT.WI,5/9/2017,1462.785152,
1615,GMAT.WI,5/10/2017,1460.598885,
1616,GMAT.WI,5/11/2017,1459.274326,
1617,GMAT.WI,5/12/2017,1461.014621,
1618,GMAT.WI,5/15/2017,1462.683244,
1619,GMAT.WI,5/16/2017,1465.550171,
1620,GMAT.WI,5/17/2017,1464.125473,
1621,GMAT.WI,5/18/2017,1464.19372,
1622,GMAT.WI,5/19/2017,1465.063067,
1623,GMAT.WI,5/22/2017,1466.30883,
1624,GMAT.WI,5/23/2017,1466.652823,
1625,GMAT.WI,5/24/2017,1465.423164,
1626,GMAT.WI,5/25/2017,1471.146956,
1627,GMAT.WI,5/26/2017,1471.090652,
1628,GMAT.WI,5/31/2017,1468.678898,
1629,GMAT.WI,6/1/2017,1467.365238,
1630,GMAT.WI,6/2/2017,1471.64867,
1631,GMAT.WI,6/6/2017,1471.253475,
1632,GMAT.WI,6/7/2017,1469.777878,
1633,GMAT.WI,6/8/2017,1469.136935,
1634,GMAT.WI,6/9/2017,1472.184043,
1635,GMAT.WI,6/12/2017,1471.020172,
1636,GMAT.WI,6/13/2017,1471.414598,
1637,GMAT.WI,6/14/2017,1471.123645,
1638,GMAT.WI,6/15/2017,1466.799997,
1639,GMAT.WI,6/16/2017,1468.659682,
1640,GMAT.WI,6/19/2017,1470.860324,
1641,GMAT.WI,6/20/2017,1470.635296,
1642,GMAT.WI,6/21/2017,1467.877659,
1643,GMAT.WI,6/22/2017,1469.383024,
1644,GMAT.WI,6/23/2017,1470.835558,
1645,GMAT.WI,6/26/2017,1474.625662,
1646,GMAT.WI,6/27/2017,1469.846711,
1647,GMAT.WI,6/28/2017,1471.454255,
1648,GMAT.WI,6/29/2017,1465.681457,
1649,GMAT.WI,6/30/2017,1461.703212,
1650,GMAT.WI,7/3/2017,1462.825015,
1651,GMAT.WI,7/5/2017,1462.211844,
1652,GMAT.WI,7/6/2017,1453.62296,
1653,GMAT.WI,7/7/2017,1454.173479,
1654,GMAT.WI,7/10/2017,1455.32351,
1655,GMAT.WI,7/11/2017,1457.440248,
1656,GMAT.WI,7/12/2017,1463.112491,
1657,GMAT.WI,7/13/2017,1466.530834,
1658,GMAT.WI,7/14/2017,1466.991376,
1659,GMAT.WI,7/18/2017,1466.156343,
1660,GMAT.WI,7/19/2017,1471.257535,
1661,GMAT.WI,7/20/2017,1472.147243,
1662,GMAT.WI,7/21/2017,1470.931273,
1663,GMAT.WI,7/24/2017,1471.732641,
1664,GMAT.WI,7/25/2017,1470.348705,
1665,GMAT.WI,7/26/2017,1473.752078,
1666,GMAT.WI,7/27/2017,1474.668062,
1667,GMAT.WI,7/28/2017,1475.281782,
1668,GMAT.WI,7/31/2017,1477.662933,
1669,GMAT.WI,8/1/2017,1480.881545,
1670,GMAT.WI,8/2/2017,1479.610087,
1671,GMAT.WI,8/3/2017,1479.318565,
1672,GMAT.WI,8/4/2017,1479.287031,
1673,GMAT.WI,8/7/2017,1483.435607,
1674,GMAT.WI,8/8/2017,1483.104447,
1675,GMAT.WI,8/9/2017,1484.629301,
1676,GMAT.WI,8/10/2017,1481.69743,
1677,GMAT.WI,8/14/2017,1483.61568,
1678,GMAT.WI,8/15/2017,1481.45622,
1679,GMAT.WI,8/16/2017,1483.76823,
1680,GMAT.WI,8/17/2017,1485.799637,
1681,GMAT.WI,8/18/2017,1485.48187,
1682,GMAT.WI,8/21/2017,1488.599636,
1683,GMAT.WI,8/22/2017,1491.604143,
1684,GMAT.WI,8/23/2017,1490.033977,
1685,GMAT.WI,8/24/2017,1489.204161,
1686,GMAT.WI,8/25/2017,1496.651093,
1687,GMAT.WI,8/28/2017,1499.968868,
1688,GMAT.WI,8/29/2017,1502.639294,
1689,GMAT.WI,8/30/2017,1502.584503,
1690,GMAT.WI,8/31/2017,1504.109547,
1691,GMAT.WI,9/1/2017,1507.737321,
1692,GMAT.WI,9/5/2017,1513.608278,
1693,GMAT.WI,9/6/2017,1512.77619,
1694,GMAT.WI,9/7/2017,1514.628161,
1695,GMAT.WI,9/8/2017,1514.173265,
1696,GMAT.WI,9/11/2017,1513.827113,
1697,GMAT.WI,9/12/2017,1511.626329,
1698,GMAT.WI,9/13/2017,1510.689072,
1699,GMAT.WI,9/14/2017,1505.3707,
1700,GMAT.WI,9/15/2017,1505.065081,
1701,GMAT.WI,9/19/2017,1503.702925,
1702,GMAT.WI,9/20/2017,1503.671344,
1703,GMAT.WI,9/21/2017,1500.999471,
1704,GMAT.WI,9/22/2017,1497.045386,
1705,GMAT.WI,9/25/2017,1499.023911,
1706,GMAT.WI,9/26/2017,1500.456381,
1707,GMAT.WI,9/27/2017,1498.272968,
1708,GMAT.WI,9/28/2017,1496.555599,
1709,GMAT.WI,9/29/2017,1499.867123,
1710,GMAT.WI,10/10/2017,1509.945477,
1711,GMAT.WI,10/11/2017,1508.903768,
1712,GMAT.WI,10/12/2017,1509.462642,
1713,GMAT.WI,10/13/2017,1520.117761,
1714,GMAT.WI,10/16/2017,1523.547253,
1715,GMAT.WI,10/17/2017,1525.578686,
1716,GMAT.WI,10/18/2017,1522.283558,
1717,GMAT.WI,10/19/2017,1520.319782,
1718,GMAT.WI,10/20/2017,1519.903047,
1719,GMAT.WI,10/23/2017,1522.284591,
1720,GMAT.WI,10/24/2017,1523.31504,
1721,GMAT.WI,10/25/2017,1520.915572,
1722,GMAT.WI,10/26/2017,1525.064108,
1723,GMAT.WI,10/27/2017,1531.071892,
1724,GMAT.WI,10/30/2017,1527.409154,
1725,GMAT.WI,11/1/2017,1532.975248,
1726,GMAT.WI,11/2/2017,1534.117871,
1727,GMAT.WI,11/6/2017,1540.952382,
1728,GMAT.WI,11/7/2017,1545.221611,
1729,GMAT.WI,11/8/2017,1544.611937,
1730,GMAT.WI,11/9/2017,1543.085244,
1731,GMAT.WI,11/10/2017,1539.223988,
1732,GMAT.WI,11/13/2017,1538.945117,
1733,GMAT.WI,11/14/2017,1538.567362,
1734,GMAT.WI,11/15/2017,1532.202237,
1735,GMAT.WI,11/16/2017,1537.036793,
1736,GMAT.WI,11/17/2017,1537.19236,
1737,GMAT.WI,11/20/2017,1539.386438,
1738,GMAT.WI,11/21/2017,1549.009582,
1739,GMAT.WI,11/22/2017,1551.246196,
1740,GMAT.WI,11/24/2017,1545.574854,
1741,GMAT.WI,11/27/2017,1541.031712,
1742,GMAT.WI,11/28/2017,1544.956641,
1743,GMAT.WI,11/29/2017,1543.383174,
1744,GMAT.WI,11/30/2017,1543.182674,
1745,GMAT.WI,12/1/2017,1546.270462,
1746,GMAT.WI,12/4/2017,1547.312343,
1747,GMAT.WI,12/5/2017,1546.072613,
1748,GMAT.WI,12/6/2017,1540.410362,
1749,GMAT.WI,12/7/2017,1541.559085,
1750,GMAT.WI,12/8/2017,1546.588796,
1751,GMAT.WI,12/11/2017,1551.484092,
1752,GMAT.WI,12/12/2017,1548.931538,
1753,GMAT.WI,12/13/2017,1548.481024,
1754,GMAT.WI,12/14/2017,1546.377768,
1755,GMAT.WI,12/15/2017,1545.962803,
1756,GMAT.WI,12/18/2017,1552.141479,
1757,GMAT.WI,12/19/2017,1550.17967,
1758,GMAT.WI,12/20/2017,1544.121688,
1759,GMAT.WI,12/21/2017,1547.557539,
1760,GMAT.WI,12/22/2017,1548.640346,
1761,GMAT.WI,12/27/2017,1548.119328,
1762,GMAT.WI,12/28/2017,1547.40758,
1763,GMAT.WI,12/29/2017,1547.932598,
1764,GMAT.WI,1/4/2018,1560.305275,
1765,GMAT.WI,1/5/2018,1564.123054,
1766,GMAT.WI,1/9/2018,1568.286696,
1767,GMAT.WI,1/10/2018,1564.959895,
1768,GMAT.WI,1/11/2018,1565.57052,
1769,GMAT.WI,1/12/2018,1565.750512,
1770,GMAT.WI,1/16/2018,1566.701045,
1771,GMAT.WI,1/17/2018,1563.923703,
1772,GMAT.WI,1/18/2018,1565.396113,
1773,GMAT.WI,1/19/2018,1568.075767,
1774,GMAT.WI,1/22/2018,1573.947516,
1775,GMAT.WI,1/23/2018,1578.910059,
1776,GMAT.WI,1/24/2018,1577.109451,
1777,GMAT.WI,1/25/2018,1575.369628,
1778,GMAT.WI,1/26/2018,1578.097197,
1779,GMAT.WI,1/29/2018,1571.233101,
1780,GMAT.WI,1/30/2018,1562.175801,
1781,GMAT.WI,1/31/2018,1561.288524,
1782,GMAT.WI,2/1/2018,1556.622806,
1783,GMAT.WI,2/2/2018,1550.679298,
1784,GMAT.WI,2/5/2018,1534.475807,
1785,GMAT.WI,2/6/2018,1527.46857,
1786,GMAT.WI,2/7/2018,1523.291097,
1787,GMAT.WI,2/8/2018,1512.508497,
1788,GMAT.WI,2/9/2018,1501.484745,
1789,GMAT.WI,2/13/2018,1513.881794,
1790,GMAT.WI,2/14/2018,1523.063144,
1791,GMAT.WI,2/22/2018,1540.124555,
1792,GMAT.WI,2/23/2018,1549.480253,
1793,GMAT.WI,2/26/2018,1560.630015,
1794,GMAT.WI,2/27/2018,1555.154128,
1795,GMAT.WI,2/28/2018,1549.348874,
1796,GMAT.WI,3/1/2018,1545.683233,
1797,GMAT.WI,3/2/2018,1542.43426,
1798,GMAT.WI,3/5/2018,1549.038855,
1799,GMAT.WI,3/6/2018,1551.337469,
1800,GMAT.WI,3/7/2018,1548.327786,
1801,GMAT.WI,3/8/2018,1548.840706,
1802,GMAT.WI,3/9/2018,1551.216975,
1803,GMAT.WI,3/12/2018,1552.763431,
1804,GMAT.WI,3/13/2018,1550.061064,
1805,GMAT.WI,3/14/2018,1549.794397,
1806,GMAT.WI,3/15/2018,1552.252709,
1807,GMAT.WI,3/16/2018,1551.946813,
1808,GMAT.WI,3/19/2018,1548.919892,
1809,GMAT.WI,3/20/2018,1548.024927,
1810,GMAT.WI,3/22/2018,1548.405879,
1811,GMAT.WI,3/23/2018,1537.422822,
1812,GMAT.WI,3/26/2018,1539.969003,
1813,GMAT.WI,3/27/2018,1542.977302,
1814,GMAT.WI,3/28/2018,1539.507725,
1815,GMAT.WI,3/29/2018,1543.831727,
1816,GMAT.WI,4/3/2018,1549.375777,
1817,GMAT.WI,4/4/2018,1550.976867,
1818,GMAT.WI,4/9/2018,1557.0061,
1819,GMAT.WI,4/10/2018,1561.213064,
1820,GMAT.WI,4/11/2018,1562.174844,
1821,GMAT.WI,4/12/2018,1561.989896,
1822,GMAT.WI,4/13/2018,1561.255275,
1823,GMAT.WI,4/16/2018,1559.724016,
1824,GMAT.WI,4/17/2018,1561.851652,
1825,GMAT.WI,4/18/2018,1569.195241,
1826,GMAT.WI,4/19/2018,1568.212909,
1827,GMAT.WI,4/20/2018,1562.686393,
1828,GMAT.WI,4/23/2018,1561.524021,
1829,GMAT.WI,4/24/2018,1562.521387,
1830,GMAT.WI,4/25/2018,1561.326523,
1831,GMAT.WI,4/26/2018,1562.09613,
1832,GMAT.WI,4/27/2018,1563.018048,
1833,GMAT.WI,5/2/2018,1564.194468,
1834,GMAT.WI,5/7/2018,1574.725299,
1835,GMAT.WI,5/8/2018,1569.546569,
1836,GMAT.WI,5/9/2018,1568.333422,
1837,GMAT.WI,5/10/2018,1572.604018,
1838,GMAT.WI,5/11/2018,1573.510177,
1839,GMAT.WI,5/14/2018,1571.660491,
1840,GMAT.WI,5/15/2018,1568.353016,
1841,GMAT.WI,5/16/2018,1567.37319,
1842,GMAT.WI,5/17/2018,1566.155454,
1843,GMAT.WI,5/18/2018,1568.463605,
1844,GMAT.WI,5/22/2018,1572.568939,
1845,GMAT.WI,5/23/2018,1573.53096,
1846,GMAT.WI,5/24/2018,1571.006375,
1847,GMAT.WI,5/25/2018,1574.440307,
1848,GMAT.WI,5/29/2018,1578.958411,
1849,GMAT.WI,5/30/2018,1577.102452,
1850,GMAT.WI,5/31/2018,1574.722039,
1851,GMAT.WI,6/1/2018,1572.414663,
1852,GMAT.WI,6/4/2018,1572.070621,
1853,GMAT.WI,6/5/2018,1574.700116,
1854,GMAT.WI,6/6/2018,1570.717014,
1855,GMAT.WI,6/7/2018,1572.557696,
1856,GMAT.WI,6/8/2018,1571.769922,
1857,GMAT.WI,6/11/2018,1570.105878,
1858,GMAT.WI,6/12/2018,1570.146317,
1859,GMAT.WI,6/13/2018,1572.13519,
1860,GMAT.WI,6/14/2018,1579.431971,
1861,GMAT.WI,6/15/2018,1579.249463,
1862,GMAT.WI,6/19/2018,1577.572772,
1863,GMAT.WI,6/20/2018,1576.676096,
1864,GMAT.WI,6/21/2018,1578.66975,
1865,GMAT.WI,6/22/2018,1580.248471,
1866,GMAT.WI,6/25/2018,1576.293357,
1867,GMAT.WI,6/26/2018,1577.632588,
1868,GMAT.WI,6/27/2018,1581.698455,
1869,GMAT.WI,6/28/2018,1583.450645,
1870,GMAT.WI,6/29/2018,1588.297263,
1871,GMAT.WI,7/2/2018,1587.21676,
1872,GMAT.WI,7/3/2018,1586.165235,
1873,GMAT.WI,7/5/2018,1583.095731,
1874,GMAT.WI,7/6/2018,1584.381331,
1875,GMAT.WI,7/9/2018,1585.591607,
1876,GMAT.WI,7/10/2018,1585.595473,
1877,GMAT.WI,7/11/2018,1580.522737,
1878,GMAT.WI,7/12/2018,1583.892048,
1879,GMAT.WI,7/13/2018,1587.833981,
1880,GMAT.WI,7/17/2018,1584.544083,
1881,GMAT.WI,7/18/2018,1583.659513,
1882,GMAT.WI,7/19/2018,1587.856318,
1883,GMAT.WI,7/20/2018,1582.562667,
1884,GMAT.WI,7/23/2018,1578.382095,
1885,GMAT.WI,7/24/2018,1580.346881,
1886,GMAT.WI,7/25/2018,1586.742832,
1887,GMAT.WI,7/26/2018,1584.502766,
1888,GMAT.WI,7/27/2018,1585.189839,
1889,GMAT.WI,7/30/2018,1583.78332,
1890,GMAT.WI,7/31/2018,1587.096845,
1891,GMAT.WI,8/1/2018,1576.815401,
1892,GMAT.WI,8/2/2018,1577.287036,
1893,GMAT.WI,8/3/2018,1580.325698,
1894,GMAT.WI,8/6/2018,1580.952771,
1895,GMAT.WI,8/7/2018,1581.882085,
1896,GMAT.WI,8/8/2018,1579.359533,
1897,GMAT.WI,8/9/2018,1581.786278,
1898,GMAT.WI,8/10/2018,1585.683518,
1899,GMAT.WI,8/13/2018,1582.387033,
1900,GMAT.WI,8/14/2018,1584.49416,
1901,GMAT.WI,8/15/2018,1584.924184,
1902,GMAT.WI,8/16/2018,1581.755304,
1903,GMAT.WI,8/17/2018,1584.24688,
1904,GMAT.WI,8/20/2018,1587.756585,
1905,GMAT.WI,8/21/2018,1586.01301,
1906,GMAT.WI,8/22/2018,1587.843742,
1907,GMAT.WI,8/23/2018,1586.609813,
1908,GMAT.WI,8/24/2018,1586.393899,
1909,GMAT.WI,8/27/2018,1584.750806,
1910,GMAT.WI,8/28/2018,1582.705897,
1911,GMAT.WI,8/29/2018,1582.883572,
1912,GMAT.WI,8/30/2018,1585.132222,
1913,GMAT.WI,8/31/2018,1585.875869,
1914,GMAT.WI,9/4/2018,1579.868638,
1915,GMAT.WI,9/5/2018,1575.701105,
1916,GMAT.WI,9/6/2018,1577.097147,
1917,GMAT.WI,9/7/2018,1573.620643,
1918,GMAT.WI,9/10/2018,1572.105018,
1919,GMAT.WI,9/11/2018,1570.069512,
1920,GMAT.WI,9/12/2018,1570.593874,
1921,GMAT.WI,9/13/2018,1569.486016,
1922,GMAT.WI,9/14/2018,1569.405548,
1923,GMAT.WI,9/18/2018,1570.676507,
1924,GMAT.WI,9/19/2018,1571.489728,
1925,GMAT.WI,9/20/2018,1571.302498,
1926,GMAT.WI,9/21/2018,1575.97683,
1927,GMAT.WI,9/25/2018,1572.142573,
1928,GMAT.WI,9/26/2018,1576.18878,
1929,GMAT.WI,9/27/2018,1577.357101,
1930,GMAT.WI,9/28/2018,1581.374272,
1931,GMAT.WI,10/9/2018,1574.530115,
1932,GMAT.WI,10/10/2018,1569.922736,
1933,GMAT.WI,10/11/2018,1565.721372,
1934,GMAT.WI,10/12/2018,1569.220289,
1935,GMAT.WI,10/15/2018,1568.381912,
1936,GMAT.WI,10/16/2018,1573.150396,
1937,GMAT.WI,10/17/2018,1574.003983,
1938,GMAT.WI,10/18/2018,1570.720951,
1939,GMAT.WI,10/19/2018,1569.397431,
1940,GMAT.WI,10/22/2018,1571.565105,
1941,GMAT.WI,10/23/2018,1564.358462,
1942,GMAT.WI,10/24/2018,1563.650579,
1943,GMAT.WI,10/25/2018,1564.973067,
1944,GMAT.WI,10/26/2018,1565.500422,
1945,GMAT.WI,10/29/2018,1561.721987,
1946,GMAT.WI,10/30/2018,1563.168631,
1947,GMAT.WI,10/31/2018,1563.879139,
1948,GMAT.WI,11/1/2018,1560.329517,
1949,GMAT.WI,11/2/2018,1561.149699,
1950,GMAT.WI,11/5/2018,1559.217168,
1951,GMAT.WI,11/6/2018,1561.057201,
1952,GMAT.WI,11/7/2018,1561.348565,
1953,GMAT.WI,11/8/2018,1559.616048,
1954,GMAT.WI,11/9/2018,1560.528746,
1955,GMAT.WI,11/12/2018,1556.708924,
1956,GMAT.WI,11/13/2018,1550.496514,
1957,GMAT.WI,11/14/2018,1552.770076,
1958,GMAT.WI,11/15/2018,1557.003231,
1959,GMAT.WI,11/16/2018,1562.910084,
1960,GMAT.WI,11/19/2018,1564.598633,
1961,GMAT.WI,11/20/2018,1556.844808,
1962,GMAT.WI,11/21/2018,1555.738406,
1963,GMAT.WI,11/26/2018,1550.177647,
1964,GMAT.WI,11/27/2018,1552.244458,
1965,GMAT.WI,11/28/2018,1554.045522,
1966,GMAT.WI,11/29/2018,1559.842274,
1967,GMAT.WI,11/30/2018,1560.719302,
1968,GMAT.WI,12/3/2018,1565.647823,
1969,GMAT.WI,12/4/2018,1565.535669,
1970,GMAT.WI,12/5/2018,1565.138477,
1971,GMAT.WI,12/6/2018,1569.303338,
1972,GMAT.WI,12/7/2018,1565.990277,
1973,GMAT.WI,12/10/2018,1566.103724,
1974,GMAT.WI,12/11/2018,1565.454457,
1975,GMAT.WI,12/12/2018,1565.478315,
1976,GMAT.WI,12/13/2018,1564.701272,
1977,GMAT.WI,12/14/2018,1562.96214,
1978,GMAT.WI,12/17/2018,1560.81109,
1979,GMAT.WI,12/18/2018,1562.816441,
1980,GMAT.WI,12/19/2018,1562.863828,
1981,GMAT.WI,12/20/2018,1562.719401,
1982,GMAT.WI,12/21/2018,1559.219425,
1983,GMAT.WI,12/27/2018,1565.794461,
1984,GMAT.WI,12/28/2018,1566.449159,
1985,GMAT.WI,1/4/2019,1577.520952,
1986,GMAT.WI,1/7/2019,1579.211278,
1987,GMAT.WI,1/8/2019,1577.837459,
1988,GMAT.WI,1/9/2019,1577.921832,
1989,GMAT.WI,1/10/2019,1578.766469,
1990,GMAT.WI,1/11/2019,1579.434374,
1991,GMAT.WI,1/15/2019,1579.526818,
1992,GMAT.WI,1/16/2019,1578.878847,
1993,GMAT.WI,1/17/2019,1577.472184,
1994,GMAT.WI,1/18/2019,1576.929534,
1995,GMAT.WI,1/22/2019,1579.07475,
1996,GMAT.WI,1/23/2019,1577.544728,
1997,GMAT.WI,1/24/2019,1582.39094,
1998,GMAT.WI,1/25/2019,1581.865506,
1999,GMAT.WI,1/28/2019,1582.534996,
2000,GMAT.WI,1/29/2019,1584.040232,
2001,GMAT.WI,1/30/2019,1588.695187,
2002,GMAT.WI,1/31/2019,1594.318982,
2003,GMAT.WI,2/1/2019,1597.401502,
2004,GMAT.WI,2/12/2019,1602.397727,
2005,GMAT.WI,2/13/2019,1601.365428,
2006,GMAT.WI,2/14/2019,1603.790011,
2007,GMAT.WI,2/15/2019,1601.123888,
2008,GMAT.WI,2/19/2019,1610.027031,
2009,GMAT.WI,2/20/2019,1612.472593,
2010,GMAT.WI,2/21/2019,1610.149893,
2011,GMAT.WI,2/22/2019,1613.819685,
2012,GMAT.WI,2/25/2019,1616.041047,
2013,GMAT.WI,2/26/2019,1612.522257,
2014,GMAT.WI,2/27/2019,1609.261088,
2015,GMAT.WI,2/28/2019,1604.2648,
2016,GMAT.WI,3/1/2019,1602.610269,
2017,GMAT.WI,3/4/2019,1604.122994,
2018,GMAT.WI,3/5/2019,1599.343946,
2019,GMAT.WI,3/6/2019,1603.646334,
2020,GMAT.WI,3/7/2019,1609.777588,
2021,GMAT.WI,3/8/2019,1607.878924,
2022,GMAT.WI,3/11/2019,1611.250662,
2023,GMAT.WI,3/12/2019,1616.754369,
2024,GMAT.WI,3/13/2019,1617.488925,
2025,GMAT.WI,3/14/2019,1613.294092,
2026,GMAT.WI,3/15/2019,1614.146198,
2027,GMAT.WI,3/18/2019,1618.214412,
2028,GMAT.WI,3/19/2019,1616.973283,
2029,GMAT.WI,3/20/2019,1620.971781,
2030,GMAT.WI,3/22/2019,1632.830129,
2031,GMAT.WI,3/25/2019,1632.008505,
2032,GMAT.WI,3/26/2019,1630.540165,
2033,GMAT.WI,3/27/2019,1636.193336,
2034,GMAT.WI,3/28/2019,1635.323408,
2035,GMAT.WI,3/29/2019,1634.970138,
2036,GMAT.WI,4/1/2019,1634.147479,
2037,GMAT.WI,4/2/2019,1633.899305,
2038,GMAT.WI,4/3/2019,1631.071652,
2039,GMAT.WI,4/4/2019,1630.078151,
2040,GMAT.WI,4/8/2019,1630.896,
2041,GMAT.WI,4/9/2019,1632.286064,
2042,GMAT.WI,4/10/2019,1637.297339,
2043,GMAT.WI,4/11/2019,1632.795295,
2044,GMAT.WI,4/12/2019,1624.547621,
2045,GMAT.WI,4/15/2019,1620.319679,
2046,GMAT.WI,4/16/2019,1619.019172,
2047,GMAT.WI,4/17/2019,1617.67815,
2048,GMAT.WI,4/18/2019,1622.520748,
2049,GMAT.WI,4/23/2019,1621.452077,
2050,GMAT.WI,4/24/2019,1624.484949,
2051,GMAT.WI,4/25/2019,1622.782876,
2052,GMAT.WI,4/26/2019,1625.20305,
2053,GMAT.WI,5/7/2019,1619.883644,
2054,GMAT.WI,5/8/2019,1619.239862,
2055,GMAT.WI,5/9/2019,1618.849612,
2056,GMAT.WI,5/10/2019,1623.441196,
2057,GMAT.WI,5/13/2019,1622.259554,
2058,GMAT.WI,5/14/2019,1621.141249,
2059,GMAT.WI,5/15/2019,1628.648577,
2060,GMAT.WI,5/16/2019,1630.577491,
2061,GMAT.WI,5/17/2019,1628.555205,
2062,GMAT.WI,5/20/2019,1623.016889,
2063,GMAT.WI,5/21/2019,1624.357536,
2064,GMAT.WI,5/22/2019,1628.048585,
2065,GMAT.WI,5/23/2019,1631.614769,
2066,GMAT.WI,5/24/2019,1629.770809,
2067,GMAT.WI,5/28/2019,1634.763254,
2068,GMAT.WI,5/29/2019,1636.704631,
2069,GMAT.WI,5/30/2019,1636.629168,
2070,GMAT.WI,5/31/2019,1640.713807,
2071,GMAT.WI,6/3/2019,1644.153012,
2072,GMAT.WI,6/4/2019,1646.41,
2073,GMAT.WI,6/5/2019,1652.786225,
2074,GMAT.WI,6/6/2019,1647.013506,
2075,GMAT.WI,6/11/2019,1650.245206,
2076,GMAT.WI,6/12/2019,1651.758122,
2077,GMAT.WI,6/13/2019,1657.705708,
2078,GMAT.WI,6/14/2019,1659.957416,
2079,GMAT.WI,6/17/2019,1659.493282,
2080,GMAT.WI,6/18/2019,1666.164054,
2081,GMAT.WI,6/19/2019,1667.65365,
2082,GMAT.WI,6/20/2019,1679.691427,
2083,GMAT.WI,6/21/2019,1679.464767,
2084,GMAT.WI,6/24/2019,1684.216646,
2085,GMAT.WI,6/25/2019,1690.088105,
2086,GMAT.WI,6/26/2019,1684.451858,
2087,GMAT.WI,6/27/2019,1686.437919,
2088,GMAT.WI,6/28/2019,1690.025692,
2089,GMAT.WI,7/1/2019,1690.565008,
2090,GMAT.WI,7/2/2019,1690.679859,
2091,GMAT.WI,7/3/2019,1696.111706,
2092,GMAT.WI,7/5/2019,1688.739055,
2093,GMAT.WI,7/8/2019,1682.070189,
2094,GMAT.WI,7/9/2019,1679.88789,
2095,GMAT.WI,7/10/2019,1679.955684,
2096,GMAT.WI,7/11/2019,1678.095094,
2097,GMAT.WI,7/12/2019,1676.980222,
2098,GMAT.WI,7/16/2019,1678.716924,
2099,GMAT.WI,7/17/2019,1679.570481,
2100,GMAT.WI,7/18/2019,1681.828545,
2101,GMAT.WI,7/19/2019,1682.716217,
2102,GMAT.WI,7/22/2019,1683.834163,
2103,GMAT.WI,7/23/2019,1685.248912,
2104,GMAT.WI,7/24/2019,1686.674412,
2105,GMAT.WI,7/25/2019,1684.208954,
2106,GMAT.WI,7/26/2019,1684.589876,
2107,GMAT.WI,7/29/2019,1686.234741,
2108,GMAT.WI,7/30/2019,1685.781985,
2109,GMAT.WI,7/31/2019,1687.173384,
2110,GMAT.WI,8/1/2019,1686.745128,
2111,GMAT.WI,8/2/2019,1686.941377,
2112,GMAT.WI,8/5/2019,1693.36591,
2113,GMAT.WI,8/6/2019,1695.554699,
2114,GMAT.WI,8/7/2019,1702.418125,
2115,GMAT.WI,8/8/2019,1708.450293,
2116,GMAT.WI,8/9/2019,1705.648066,
2117,GMAT.WI,8/13/2019,1712.059435,
2118,GMAT.WI,8/14/2019,1709.283735,
2119,GMAT.WI,8/15/2019,1717.167626,
2120,GMAT.WI,8/16/2019,1719.98365,
2121,GMAT.WI,8/19/2019,1722.763189,
2122,GMAT.WI,8/20/2019,1723.850836,
2123,GMAT.WI,8/21/2019,1722.987109,
2124,GMAT.WI,8/22/2019,1719.28098,
2125,GMAT.WI,8/23/2019,1721.734363,
2126,GMAT.WI,8/26/2019,1725.981076,
2127,GMAT.WI,8/27/2019,1727.795699,
2128,GMAT.WI,8/28/2019,1730.93461,
2129,GMAT.WI,8/29/2019,1733.500968,
2130,GMAT.WI,8/30/2019,1734.948133,
2131,GMAT.WI,9/3/2019,1740.043932,
2132,GMAT.WI,9/4/2019,1746.180382,
2133,GMAT.WI,9/5/2019,1740.343935,
2134,GMAT.WI,9/6/2019,1737.764899,
2135,GMAT.WI,9/9/2019,1733.481693,
2136,GMAT.WI,9/10/2019,1726.033416,
2137,GMAT.WI,9/11/2019,1723.819241,
2138,GMAT.WI,9/12/2019,1719.648338,
2139,GMAT.WI,9/17/2019,1709.927206,
2140,GMAT.WI,9/18/2019,1714.744617,
2141,GMAT.WI,9/19/2019,1717.739371,
2142,GMAT.WI,9/20/2019,1715.998457,
2143,GMAT.WI,9/24/2019,1729.124882,
2144,GMAT.WI,9/25/2019,1725.768849,
2145,GMAT.WI,9/26/2019,1724.480995,
2146,GMAT.WI,9/27/2019,1723.174227,
2147,GMAT.WI,9/30/2019,1721.965355,
2148,GMAT.WI,10/8/2019,1724.404161,
2149,GMAT.WI,10/9/2019,1724.538566,
2150,GMAT.WI,10/10/2019,1720.17415,
2151,GMAT.WI,10/11/2019,1716.05582,
2152,GMAT.WI,10/15/2019,1713.822383,
2153,GMAT.WI,10/16/2019,1713.717644,
2154,GMAT.WI,10/17/2019,1713.398642,
2155,GMAT.WI,10/18/2019,1711.735694,
2156,GMAT.WI,10/21/2019,1709.55459,
2157,GMAT.WI,10/23/2019,1714.018378,
2158,GMAT.WI,10/24/2019,1716.13538,
2159,GMAT.WI,10/25/2019,1713.664864,
2160,GMAT.WI,10/28/2019,1709.514267,
2161,GMAT.WI,10/29/2019,1707.218748,
2162,GMAT.WI,10/30/2019,1705.819962,
2163,GMAT.WI,10/31/2019,1714.59688,
2164,GMAT.WI,11/1/2019,1716.243405,
2165,GMAT.WI,11/5/2019,1713.689798,
2166,GMAT.WI,11/6/2019,1709.618852,
2167,GMAT.WI,11/7/2019,1704.084172,
2168,GMAT.WI,11/8/2019,1700.770446,
2169,GMAT.WI,11/11/2019,1698.402084,
2170,GMAT.WI,11/12/2019,1696.980477,
2171,GMAT.WI,11/13/2019,1700.709271,
2172,GMAT.WI,11/14/2019,1705.21611,
2173,GMAT.WI,11/15/2019,1705.081258,
2174,GMAT.WI,11/18/2019,1709.966807,
2175,GMAT.WI,11/19/2019,1712.12697,
2176,GMAT.WI,11/20/2019,1713.022678,
2177,GMAT.WI,11/21/2019,1709.624647,
2178,GMAT.WI,11/22/2019,1707.551664,
2179,GMAT.WI,11/25/2019,1708.985679,
2180,GMAT.WI,11/26/2019,1712.217544,
2181,GMAT.WI,11/27/2019,1712.452239,
2182,GMAT.WI,12/2/2019,1697.801218,
2183,GMAT.WI,12/3/2019,1703.46143,
2184,GMAT.WI,12/4/2019,1703.034064,
2185,GMAT.WI,12/5/2019,1703.487067,
2186,GMAT.WI,12/6/2019,1704.750573,
2187,GMAT.WI,12/9/2019,1704.723646,
2188,GMAT.WI,12/10/2019,1705.694864,
2189,GMAT.WI,12/11/2019,1710.102706,
2190,GMAT.WI,12/12/2019,1707.283404,
2191,GMAT.WI,12/13/2019,1713.675189,
2192,GMAT.WI,12/16/2019,1714.142778,
2193,GMAT.WI,12/17/2019,1715.261599,
2194,GMAT.WI,12/18/2019,1711.971995,
2195,GMAT.WI,12/19/2019,1713.047356,
2196,GMAT.WI,12/20/2019,1715.03624,
2197,GMAT.WI,12/23/2019,1712.562057,
2198,GMAT.WI,12/27/2019,1721.405319,
2199,GMAT.WI,12/30/2019,1721.126498,
2200,GMAT.WI,1/6/2020,1729.914823,
2201,GMAT.WI,1/7/2020,1733.542247,
2202,GMAT.WI,1/8/2020,1731.413262,
2203,GMAT.WI,1/9/2020,1737.635406,
2204,GMAT.WI,1/10/2020,1737.364705,
2205,GMAT.WI,1/14/2020,1738.294915,
2206,GMAT.WI,1/15/2020,1738.698689,
2207,GMAT.WI,1/16/2020,1739.399457,
2208,GMAT.WI,1/17/2020,1741.974538,
2209,GMAT.WI,1/21/2020,1743.327793,
2210,GMAT.WI,1/22/2020,1741.04769,
2211,GMAT.WI,1/23/2020,1733.908264,
2212,GMAT.WI,2/3/2020,1701.941589,
2213,GMAT.WI,2/4/2020,1709.43826,
2214,GMAT.WI,2/5/2020,1714.529879,
2215,GMAT.WI,2/6/2020,1719.970463,
2216,GMAT.WI,2/7/2020,1724.495783,
2217,GMAT.WI,2/10/2020,1726.56652,
2218,GMAT.WI,2/12/2020,1725.985649,
2219,GMAT.WI,2/13/2020,1726.830692,
2220,GMAT.WI,2/14/2020,1726.368826,
2221,GMAT.WI,2/18/2020,1730.035467,
2222,GMAT.WI,2/19/2020,1732.619428,
2223,GMAT.WI,2/20/2020,1734.351303,
2224,GMAT.WI,2/21/2020,1737.879626,
2225,GMAT.WI,2/25/2020,1736.533873,
2226,GMAT.WI,2/26/2020,1732.286915,
2227,GMAT.WI,2/27/2020,1727.866447,
2228,GMAT.WI,2/28/2020,1725.633831,
2229,GMAT.WI,3/2/2020,1732.556303,
2230,GMAT.WI,3/3/2020,1732.730638,
2231,GMAT.WI,3/4/2020,1746.485932,
2232,GMAT.WI,3/5/2020,1749.21983,
2233,GMAT.WI,3/6/2020,1755.736841,
2234,GMAT.WI,3/9/2020,1757.010103,
2235,GMAT.WI,3/10/2020,1748.547096,
2236,GMAT.WI,3/11/2020,1742.990351,
2237,GMAT.WI,3/12/2020,1725.543,
2238,GMAT.WI,3/13/2020,1709.679245,
2239,GMAT.WI,3/16/2020,1694.27063,
2240,GMAT.WI,3/17/2020,1680.706747,
2241,GMAT.WI,3/18/2020,1664.950697,
2242,GMAT.WI,3/19/2020,1656.717614,
2243,GMAT.WI,3/23/2020,1679.236306,
2244,GMAT.WI,3/24/2020,1697.509302,
2245,GMAT.WI,3/25/2020,1706.325424,
2246,GMAT.WI,3/26/2020,1711.679301,
2247,GMAT.WI,3/27/2020,1716.303005,
2248,GMAT.WI,3/30/2020,1724.652467,
2249,GMAT.WI,3/31/2020,1719.738985,
2250,GMAT.WI,4/1/2020,1708.493343,
2251,GMAT.WI,4/2/2020,1708.822494,
2252,GMAT.WI,4/3/2020,1705.854152,
2253,GMAT.WI,4/7/2020,1714.804154,
2254,GMAT.WI,4/8/2020,1716.030513,
2255,GMAT.WI,4/9/2020,1721.522678,
2256,GMAT.WI,4/14/2020,1726.67127,
2257,GMAT.WI,4/15/2020,1731.306907,
2258,GMAT.WI,4/16/2020,1730.620622,
2259,GMAT.WI,4/17/2020,1729.708722,
2260,GMAT.WI,4/20/2020,1727.711084,
2261,GMAT.WI,4/21/2020,1727.842758,
2262,GMAT.WI,4/22/2020,1730.072585,
2263,GMAT.WI,4/23/2020,1734.227654,
2264,GMAT.WI,4/24/2020,1735.140213,
2265,GMAT.WI,4/27/2020,1734.314461,
2266,GMAT.WI,4/28/2020,1736.115648,
2267,GMAT.WI,4/30/2020,1745.79649,
2268,GMAT.WI,5/7/2020,1741.830906,
2269,GMAT.WI,5/8/2020,1746.180797,
2270,GMAT.WI,5/11/2020,1740.509892,
2271,GMAT.WI,5/12/2020,1740.091864,
2272,GMAT.WI,5/13/2020,1741.262006,
2273,GMAT.WI,5/14/2020,1740.466391,
2274,GMAT.WI,5/15/2020,1742.97163,
2275,GMAT.WI,5/18/2020,1744.545878,
2276,GMAT.WI,5/19/2020,1744.354981,
2277,GMAT.WI,5/20/2020,1744.705373,
2278,GMAT.WI,5/21/2020,1743.561282,
2279,GMAT.WI,5/22/2020,1743.70894,
2280,GMAT.WI,5/26/2020,1740.992465,
2281,GMAT.WI,5/27/2020,1739.648794,
2282,GMAT.WI,5/28/2020,1742.393947,
2283,GMAT.WI,5/29/2020,1744.877105,
2284,GMAT.WI,6/1/2020,1750.298141,
2285,GMAT.WI,6/2/2020,1749.093982,
2286,GMAT.WI,6/3/2020,1749.424556,
2287,GMAT.WI,6/4/2020,1745.365973,
2288,GMAT.WI,6/5/2020,1743.927253,
2289,GMAT.WI,6/8/2020,1746.590944,
2290,GMAT.WI,6/9/2020,1746.969796,
2291,GMAT.WI,6/10/2020,1749.422699,
2292,GMAT.WI,6/11/2020,1747.979168,
2293,GMAT.WI,6/12/2020,1749.736942,
2294,GMAT.WI,6/15/2020,1747.705708,
2295,GMAT.WI,6/16/2020,1749.803727,
2296,GMAT.WI,6/17/2020,1750.274228,
2297,GMAT.WI,6/18/2020,1751.718499,
2298,GMAT.WI,6/19/2020,1754.406981,
2299,GMAT.WI,6/22/2020,1755.579488,
2300,GMAT.WI,6/23/2020,1756.25617,
2301,GMAT.WI,6/24/2020,1757.276159,
2302,GMAT.WI,6/29/2020,1758.124995,
2303,GMAT.WI,6/30/2020,1760.272284,
2304,GMAT.WI,7/1/2020,1758.054632,
2305,GMAT.WI,7/2/2020,1764.06245,
2306,GMAT.WI,7/6/2020,1769.883217,
2307,GMAT.WI,7/7/2020,1772.015643,
2308,GMAT.WI,7/8/2020,1773.95247,
2309,GMAT.WI,7/9/2020,1778.906753,
2310,GMAT.WI,7/10/2020,1778.578829,
2311,GMAT.WI,7/13/2020,1780.872362,
2312,GMAT.WI,7/14/2020,1781.097784,
2313,GMAT.WI,7/15/2020,1781.413921,
2314,GMAT.WI,7/16/2020,1775.64221,
2315,GMAT.WI,7/17/2020,1775.678641,
2316,GMAT.WI,7/20/2020,1779.519137,
2317,GMAT.WI,7/21/2020,1783.924471,
2318,GMAT.WI,7/22/2020,1789.190451,
2319,GMAT.WI,7/27/2020,1788.085942,
2320,GMAT.WI,7/28/2020,1787.931646,
2321,GMAT.WI,7/29/2020,1790.09938,
2322,GMAT.WI,7/30/2020,1790.302505,
2323,GMAT.WI,7/31/2020,1789.943393,
2324,GMAT.WI,8/3/2020,1794.076806,
2325,GMAT.WI,8/4/2020,1796.845719,
2326,GMAT.WI,8/5/2020,1794.060012,
2327,GMAT.WI,8/6/2020,1795.124374,
2328,GMAT.WI,8/7/2020,1793.47749,
2329,GMAT.WI,8/11/2020,1786.981382,
2330,GMAT.WI,8/12/2020,1779.521167,
2331,GMAT.WI,8/13/2020,1778.834049,
2332,GMAT.WI,8/14/2020,1782.559638,
2333,GMAT.WI,8/17/2020,1787.135857,
2334,GMAT.WI,8/18/2020,1791.448468,
2335,GMAT.WI,8/19/2020,1789.723098,
2336,GMAT.WI,8/20/2020,1787.221446,
2337,GMAT.WI,8/21/2020,1786.066168,
2338,GMAT.WI,8/24/2020,1785.528559,
2339,GMAT.WI,8/25/2020,1784.71101,
2340,GMAT.WI,8/26/2020,1782.376045,
2341,GMAT.WI,8/27/2020,1783.163537,
2342,GMAT.WI,8/28/2020,1786.969354,
2343,GMAT.WI,8/31/2020,1789.799233,
2344,GMAT.WI,9/1/2020,1791.996232,
2345,GMAT.WI,9/2/2020,1791.91315,
2346,GMAT.WI,9/3/2020,1790.464991,
2347,GMAT.WI,9/4/2020,1784.103137,
2348,GMAT.WI,9/8/2020,1785.017807,
2349,GMAT.WI,9/9/2020,1780.603195,
2350,GMAT.WI,9/10/2020,1780.493996,
2351,GMAT.WI,9/11/2020,1782.371894,
2352,GMAT.WI,9/14/2020,1786.998464,
2353,GMAT.WI,9/15/2020,1787.73949,
2354,GMAT.WI,9/16/2020,1783.792661,
2355,GMAT.WI,9/17/2020,1783.185472,
2356,GMAT.WI,9/18/2020,1787.702929,
2357,GMAT.WI,9/23/2020,1778.056738,
2358,GMAT.WI,9/24/2020,1774.123063,
2359,GMAT.WI,9/25/2020,1773.636619,
2360,GMAT.WI,9/28/2020,1776.388845,
2361,GMAT.WI,9/29/2020,1777.317921,
2362,GMAT.WI,9/30/2020,1777.128058,
2363,GMAT.WI,10/9/2020,1788.315113,
2364,GMAT.WI,10/12/2020,1794.300295,
2365,GMAT.WI,10/13/2020,1792.997408,
2366,GMAT.WI,10/14/2020,1790.851307,
2367,GMAT.WI,10/15/2020,1789.207807,
2368,GMAT.WI,10/16/2020,1790.086623,
2369,GMAT.WI,10/19/2020,1788.988107,
2370,GMAT.WI,10/20/2020,1788.789684,
2371,GMAT.WI,10/21/2020,1789.171544,
2372,GMAT.WI,10/22/2020,1788.27689,
2373,GMAT.WI,10/23/2020,1785.418859,
2374,GMAT.WI,10/26/2020,1781.420407,
2375,GMAT.WI,10/27/2020,1782.598864,
2376,GMAT.WI,10/28/2020,1780.341512,
2377,GMAT.WI,10/29/2020,1778.148769,
2378,GMAT.WI,10/30/2020,1772.905011,
2379,GMAT.WI,11/2/2020,1777.056934,
2380,GMAT.WI,11/4/2020,1790.166894,
2381,GMAT.WI,11/5/2020,1795.043968,
2382,GMAT.WI,11/6/2020,1795.740945,
2383,GMAT.WI,11/9/2020,1801.37665,
2384,GMAT.WI,11/10/2020,1797.094424,
2385,GMAT.WI,11/11/2020,1799.971684,
2386,GMAT.WI,11/12/2020,1799.724973,
2387,GMAT.WI,11/13/2020,1800.221614,
2388,GMAT.WI,11/16/2020,1807.410214,
2389,GMAT.WI,11/17/2020,1808.362297,
2390,GMAT.WI,11/18/2020,1806.589684,
2391,GMAT.WI,11/19/2020,1808.664723,
2392,GMAT.WI,11/20/2020,1811.349783,
2393,GMAT.WI,11/24/2020,1817.91113,
2394,GMAT.WI,11/25/2020,1814.806002,
2395,GMAT.WI,11/30/2020,1818.481538,
2396,GMAT.WI,12/1/2020,1819.248509,
2397,GMAT.WI,12/2/2020,1819.90352,
2398,GMAT.WI,12/3/2020,1818.510497,
2399,GMAT.WI,12/4/2020,1820.560003,
2400,GMAT.WI,12/7/2020,1822.429237,
2401,GMAT.WI,12/8/2020,1825.473218,
2402,GMAT.WI,12/9/2020,1824.184164,
2403,GMAT.WI,12/10/2020,1828.726126,
2404,GMAT.WI,12/11/2020,1831.421913,
2405,GMAT.WI,12/14/2020,1828.680708,
2406,GMAT.WI,12/15/2020,1829.872449,
2407,GMAT.WI,12/16/2020,1832.340343,
2408,GMAT.WI,12/17/2020,1839.356038,
2409,GMAT.WI,12/18/2020,1843.809787,
2410,GMAT.WI,12/21/2020,1850.125454,
2411,GMAT.WI,12/22/2020,1851.407122,
2412,GMAT.WI,12/23/2020,1844.958656,
2413,GMAT.WI,12/28/2020,1847.947956,
2414,GMAT.WI,12/29/2020,1847.635932,
2415,GMAT.WI,12/30/2020,1850.006918,
2416,GMAT.WI,1/4/2021,1861.238579,
2417,GMAT.WI,1/5/2021,1865.623149,
2418,GMAT.WI,1/6/2021,1865.679526,
2419,GMAT.WI,1/7/2021,1871.523831,
2420,GMAT.WI,1/8/2021,1878.339973,
2421,GMAT.WI,1/12/2021,1869.508605,
2422,GMAT.WI,1/13/2021,1875.720299,
2423,GMAT.WI,1/14/2021,1876.981346,
2424,GMAT.WI,1/15/2021,1875.172775,
2425,GMAT.WI,1/19/2021,1873.956382,
2426,GMAT.WI,1/20/2021,1873.323507,
2427,GMAT.WI,1/21/2021,1875.565454,
2428,GMAT.WI,1/22/2021,1874.178111,
2429,GMAT.WI,1/25/2021,1872.962532,
2430,GMAT.WI,1/26/2021,1871.593771,
2431,GMAT.WI,1/27/2021,1870.719382,
2432,GMAT.WI,1/28/2021,1864.324982,
2433,GMAT.WI,1/29/2021,1855.832493,
2434,GMAT.WI,2/1/2021,1862.078057,
2435,GMAT.WI,2/2/2021,1863.889271,
2436,GMAT.WI,2/3/2021,1859.700988,
2437,GMAT.WI,2/4/2021,1863.246214,
2438,GMAT.WI,2/5/2021,1867.057205,
2439,GMAT.WI,2/8/2021,1874.719959,
2440,GMAT.WI,2/9/2021,1881.220976,
2441,GMAT.WI,2/10/2021,1885.053119,
2442,GMAT.WI,2/18/2021,1893.233964,
2443,GMAT.WI,2/19/2021,1893.968846,
2444,GMAT.WI,2/22/2021,1900.218142,
2445,GMAT.WI,2/24/2021,1900.569404,
2446,GMAT.WI,2/25/2021,1900.890872,
2447,GMAT.WI,2/26/2021,1889.452522,
2448,GMAT.WI,3/1/2021,1895.591153,
2449,GMAT.WI,3/2/2021,1890.746889,
2450,GMAT.WI,3/3/2021,1896.47854,
2451,GMAT.WI,3/4/2021,1889.717715,
2452,GMAT.WI,3/5/2021,1888.366697,
2453,GMAT.WI,3/8/2021,1887.380138,
2454,GMAT.WI,3/9/2021,1883.819073,
2455,GMAT.WI,3/10/2021,1879.831018,
2456,GMAT.WI,3/11/2021,1885.59317,
2457,GMAT.WI,3/12/2021,1889.944367,
2458,GMAT.WI,3/15/2021,1887.55465,
2459,GMAT.WI,3/16/2021,1889.373041,
2460,GMAT.WI,3/17/2021,1891.497413,
2461,GMAT.WI,3/18/2021,1889.820848,
2462,GMAT.WI,3/19/2021,1886.469845,
2463,GMAT.WI,3/22/2021,1890.08648,
2464,GMAT.WI,3/23/2021,1883.61732,
2465,GMAT.WI,3/24/2021,1883.550509,
2466,GMAT.WI,3/25/2021,1886.265363,
2467,GMAT.WI,3/26/2021,1893.51888,
2468,GMAT.WI,3/29/2021,1897.36552,
2469,GMAT.WI,3/30/2021,1896.632245,
2470,GMAT.WI,3/31/2021,1894.190021,
2471,GMAT.WI,4/1/2021,1903.221671,
2472,GMAT.WI,4/6/2021,1909.79009,
2473,GMAT.WI,4/7/2021,1907.686857,
2474,GMAT.WI,4/8/2021,1908.286288,
2475,GMAT.WI,4/9/2021,1906.998613,
2476,GMAT.WI,4/12/2021,1902.880174,
2477,GMAT.WI,4/13/2021,1905.270397,
2478,GMAT.WI,4/14/2021,1907.237631,
2479,GMAT.WI,4/15/2021,1911.543614,
2480,GMAT.WI,4/16/2021,1916.473468,
2481,GMAT.WI,4/19/2021,1917.433114,
2482,GMAT.WI,4/20/2021,1916.389644,
2483,GMAT.WI,4/21/2021,1916.295186,
2484,GMAT.WI,4/22/2021,1919.475191,
2485,GMAT.WI,4/23/2021,1922.896188,
2486,GMAT.WI,4/26/2021,1924.897579,
2487,GMAT.WI,4/27/2021,1927.391456,
2488,GMAT.WI,4/28/2021,1927.352009,
2489,GMAT.WI,4/30/2021,1927.216776,
2490,GMAT.WI,5/6/2021,1936.713905,
2491,GMAT.WI,5/7/2021,1940.636736,
2492,GMAT.WI,5/10/2021,1942.749221,
2493,GMAT.WI,5/11/2021,1941.268097,
2494,GMAT.WI,5/12/2021,1941.688245,
2495,GMAT.WI,5/13/2021,1933.416892,
2496,GMAT.WI,5/14/2021,1937.699376,
2497,GMAT.WI,5/17/2021,1936.26718,
2498,GMAT.WI,5/18/2021,1939.090419,
2499,GMAT.WI,5/19/2021,1932.013618,
2500,GMAT.WI,5/20/2021,1927.516226,
2501,GMAT.WI,5/21/2021,1928.760459,
2502,GMAT.WI,5/24/2021,1928.487455,
2503,GMAT.WI,5/25/2021,1934.981443,
2504,GMAT.WI,5/26/2021,1932.588685,
2505,GMAT.WI,5/27/2021,1931.824321,
2506,GMAT.WI,5/28/2021,1936.923428,
2507,GMAT.WI,6/1/2021,1940.484941,
2508,GMAT.WI,6/2/2021,1941.197474,
2509,GMAT.WI,6/3/2021,1938.955461,
2510,GMAT.WI,6/4/2021,1936.083021,
2511,GMAT.WI,6/7/2021,1937.174124,
2512,GMAT.WI,6/8/2021,1936.421336,
2513,GMAT.WI,6/9/2021,1936.437456,
2514,GMAT.WI,6/10/2021,1940.715233,
2515,GMAT.WI,6/11/2021,1942.048123,
2516,GMAT.WI,6/15/2021,1935.556711,
2517,GMAT.WI,6/16/2021,1927.400115,
2518,GMAT.WI,6/17/2021,1923.901843,
2519,GMAT.WI,6/18/2021,1915.990136,
2520,GMAT.WI,6/21/2021,1917.637878,
2521,GMAT.WI,6/22/2021,1921.787106,
2522,GMAT.WI,6/23/2021,1923.890552,
2523,GMAT.WI,6/24/2021,1926.918495,
2524,GMAT.WI,6/25/2021,1930.840483,
2525,GMAT.WI,6/28/2021,1929.995496,
2526,GMAT.WI,6/29/2021,1931.008899,
2527,GMAT.WI,6/30/2021,1931.033828,
2528,GMAT.WI,7/1/2021,1934.598155,
2529,GMAT.WI,7/2/2021,1936.581852,
2530,GMAT.WI,7/6/2021,1935.79054,
2531,GMAT.WI,7/7/2021,1939.663317,
2532,GMAT.WI,7/8/2021,1939.881235,
2533,GMAT.WI,7/9/2021,1942.226446,
2534,GMAT.WI,7/12/2021,1951.454486,
2535,GMAT.WI,7/13/2021,1954.403011,
2536,GMAT.WI,7/14/2021,1953.456453,
2537,GMAT.WI,7/15/2021,1951.385985,
2538,GMAT.WI,7/16/2021,1949.431193,
2539,GMAT.WI,7/19/2021,1942.950507,
2540,GMAT.WI,7/20/2021,1945.40662,
2541,GMAT.WI,7/21/2021,1953.487102,
2542,GMAT.WI,7/26/2021,1955.891641,
2543,GMAT.WI,7/27/2021,1948.644914,
2544,GMAT.WI,7/28/2021,1949.167612,
2545,GMAT.WI,7/29/2021,1955.568595,
2546,GMAT.WI,7/30/2021,1957.268424,
2547,GMAT.WI,8/2/2021,1957.578082,
2548,GMAT.WI,8/3/2021,1954.799364,
2549,GMAT.WI,8/4/2021,1953.241154,
2550,GMAT.WI,8/5/2021,1955.677118,
2551,GMAT.WI,8/6/2021,1950.396023,
2552,GMAT.WI,8/10/2021,1946.203782,
2553,GMAT.WI,8/11/2021,1948.632615,
2554,GMAT.WI,8/12/2021,1952.189329,
2555,GMAT.WI,8/13/2021,1952.402727,
2556,GMAT.WI,8/16/2021,1955.250607,
2557,GMAT.WI,8/17/2021,1951.937145,
2558,GMAT.WI,8/18/2021,1949.374556,
2559,GMAT.WI,8/19/2021,1943.900801,
2560,GMAT.WI,8/20/2021,1941.35823,
2561,GMAT.WI,8/23/2021,1946.196591,
2562,GMAT.WI,8/24/2021,1950.37781,
2563,GMAT.WI,8/25/2021,1950.342676,
2564,GMAT.WI,8/26/2021,1946.222084,
2565,GMAT.WI,8/27/2021,1949.544571,
2566,GMAT.WI,8/30/2021,1957.152289,
2567,GMAT.WI,8/31/2021,1953.728158,
2568,GMAT.WI,9/1/2021,1952.159363,
2569,GMAT.WI,9/2/2021,1954.722968,
2570,GMAT.WI,9/3/2021,1952.822892,
2571,GMAT.WI,9/7/2021,1952.467451,
2572,GMAT.WI,9/8/2021,1949.246588,
2573,GMAT.WI,9/9/2021,1952.709813,
2574,GMAT.WI,9/10/2021,1953.250456,
2575,GMAT.WI,9/13/2021,1954.484539,
2576,GMAT.WI,9/14/2021,1952.241458,
2577,GMAT.WI,9/15/2021,1951.951287,
2578,GMAT.WI,9/16/2021,1948.753309,
2579,GMAT.WI,9/17/2021,1938.325541,
2580,GMAT.WI,9/22/2021,1946.038645,
2581,GMAT.WI,9/24/2021,1937.229429,
2582,GMAT.WI,9/27/2021,1933.807058,
2583,GMAT.WI,9/28/2021,1924.551166,
2584,GMAT.WI,9/29/2021,1924.321838,
2585,GMAT.WI,9/30/2021,1921.317159,
2586,GMAT.WI,10/8/2021,1925.070193,
2587,GMAT.WI,10/11/2021,1920.076309,
2588,GMAT.WI,10/12/2021,1916.194888,
2589,GMAT.WI,10/13/2021,1916.789119,
2590,GMAT.WI,10/14/2021,1927.635081,
2591,GMAT.WI,10/15/2021,1935.020359,
2592,GMAT.WI,10/18/2021,1927.865356,
2593,GMAT.WI,10/19/2021,1933.254534,
2594,GMAT.WI,10/20/2021,1932.692653,
2595,GMAT.WI,10/21/2021,1929.765024,
2596,GMAT.WI,10/22/2021,1924.492513,
2597,GMAT.WI,10/25/2021,1926.787567,
2598,GMAT.WI,10/26/2021,1929.579528,
2599,GMAT.WI,10/27/2021,1924.873151,
2600,GMAT.WI,10/28/2021,1921.242361,
2601,GMAT.WI,10/29/2021,1922.00907,
2602,GMAT.WI,11/1/2021,1928.540143,
2603,GMAT.WI,11/2/2021,1930.898667,
2604,GMAT.WI,11/4/2021,1934.998284,
2605,GMAT.WI,11/5/2021,1943.396057,
2606,GMAT.WI,11/8/2021,1944.101748,
2607,GMAT.WI,11/9/2021,1948.875213,
2608,GMAT.WI,11/10/2021,1940.854185,
2609,GMAT.WI,11/11/2021,1942.673302,
2610,GMAT.WI,11/12/2021,1947.180197,
2611,GMAT.WI,11/15/2021,1947.822902,
2612,GMAT.WI,11/16/2021,1947.557556,
2613,GMAT.WI,11/17/2021,1945.133024,
2614,GMAT.WI,11/18/2021,1944.018436,
2615,GMAT.WI,11/19/2021,1947.862176,
2616,GMAT.WI,11/22/2021,1948.083409,
2617,GMAT.WI,11/24/2021,1942.888571,
2618,GMAT.WI,11/29/2021,1931.789801,
2619,GMAT.WI,11/30/2021,1925.517634,
2620,GMAT.WI,12/1/2021,1925.168625,
2621,GMAT.WI,12/2/2021,1923.452015,
2622,GMAT.WI,12/3/2021,1926.701817,
2623,GMAT.WI,12/6/2021,1933.428004,
2624,GMAT.WI,12/7/2021,1937.915388,
2625,GMAT.WI,12/8/2021,1938.932739,
2626,GMAT.WI,12/9/2021,1941.049736,
2627,GMAT.WI,12/10/2021,1941.69557,
2628,GMAT.WI,12/13/2021,1944.392683,
2629,GMAT.WI,12/14/2021,1939.581774,
2630,GMAT.WI,12/15/2021,1940.660035,
2631,GMAT.WI,12/16/2021,1945.573102,
2632,GMAT.WI,12/17/2021,1942.415014,
2633,GMAT.WI,12/20/2021,1932.869198,
2634,GMAT.WI,12/21/2021,1935.18884,
2635,GMAT.WI,12/22/2021,1939.088685,
2636,GMAT.WI,12/23/2021,1942.938028,
2637,GMAT.WI,12/27/2021,1944.991469,
2638,GMAT.WI,12/28/2021,1948.420506,
2639,GMAT.WI,12/29/2021,1943.467786,
2640,GMAT.WI,12/30/2021,1943.888394,
2641,GMAT.WI,1/4/2022,1941.460987,
2642,GMAT.WI,1/5/2022,1935.526614,
2643,GMAT.WI,1/6/2022,1923.400539,
2644,GMAT.WI,1/7/2022,1915.442494,
2645,GMAT.WI,1/11/2022,1916.12691,
2646,GMAT.WI,1/12/2022,1926.341783,
2647,GMAT.WI,1/13/2022,1926.5053,
2648,GMAT.WI,1/14/2022,1918.43035,
2649,GMAT.WI,1/18/2022,1916.152364,
2650,GMAT.WI,1/19/2022,1914.567059,
2651,GMAT.WI,1/20/2022,1919.200324,
2652,GMAT.WI,1/21/2022,1920.223327,
2653,GMAT.WI,1/24/2022,1918.415808,
2654,GMAT.WI,1/25/2022,1909.393756,
2655,GMAT.WI,1/26/2022,1911.658498,
2656,GMAT.WI,1/27/2022,1903.092342,
2657,GMAT.WI,1/28/2022,1907.69193,
2658,GMAT.WI,2/7/2022,1898.710742,
2659,GMAT.WI,2/8/2022,1900.595896,
2660,GMAT.WI,2/9/2022,1909.781206,
2661,GMAT.WI,2/10/2022,1910.743324,
2662,GMAT.WI,2/14/2022,1899.847758,
2663,GMAT.WI,2/15/2022,1899.676787,
2664,GMAT.WI,2/16/2022,1902.069526,
2665,GMAT.WI,2/17/2022,1900.898857,
2666,GMAT.WI,2/18/2022,1904.412846,
2667,GMAT.WI,2/22/2022,1899.712782,
2668,GMAT.WI,2/24/2022,1900.14485,
2669,GMAT.WI,2/25/2022,1904.96426,
